Combinations,Inertia,Silhouette Score,Adjusted Rand Index,Adjusted Mutual Information
['mean'],14.2166,0.6568,0.4952,0.6293
['std'],15.2976,0.6519,0.5389,0.668
['min'],12.9474,0.7531,0.9815,0.9509
['25%'],12.7714,0.6893,0.5176,0.648
['50%'],23.4331,0.6497,0.4437,0.5438
['75%'],37.5537,0.5324,0.1836,0.2622
['max'],31.5827,0.6118,0.0367,0.1175
['slope'],39.1482,0.5766,0.327,0.389
['kurt'],34.4792,0.7051,0.3649,0.2594
['skew'],56.253,0.6089,0.2288,0.153
"['mean', 'std']",38.7061,0.5865,0.5375,0.6903
"['mean', 'min']",31.7905,0.5857,0.531,0.6885
"['mean', '25%']",29.6235,0.6393,0.4958,0.6295
"['mean', '50%']",44.6248,0.6066,0.5276,0.6222
"['mean', '75%']",81.9653,0.5367,0.4943,0.629
"['mean', 'max']",121.0323,0.5593,0.5655,0.5838
"['mean', 'slope']",88.6402,0.5097,0.5108,0.6311
"['mean', 'kurt']",99.4356,0.6495,0.8333,0.739
"['mean', 'skew']",128.0071,0.6106,0.8107,0.6874
"['std', 'min']",30.7872,0.6046,0.5265,0.6523
"['std', '25%']",33.3712,0.6339,0.5311,0.6729
"['std', '50%']",57.0435,0.5576,0.543,0.667
"['std', '75%']",90.7101,0.5453,0.5317,0.6887
"['std', 'max']",105.7485,0.5778,0.5829,0.6215
"['std', 'slope']",90.652,0.4943,0.5437,0.6466
"['std', 'kurt']",103.6981,0.6412,0.8944,0.8096
"['std', 'skew']",129.9083,0.6087,0.7818,0.6879
"['min', '25%']",28.8679,0.6276,0.5298,0.6881
"['min', '50%']",46.6765,0.5875,0.5576,0.6962
"['min', '75%']",77.7159,0.5667,0.5303,0.6729
"['min', 'max']",103.2923,0.5983,0.5792,0.6292
"['min', 'slope']",77.9209,0.5346,0.5391,0.6514
"['min', 'kurt']",92.3421,0.6841,0.9115,0.8427
"['min', 'skew']",119.1965,0.6384,0.8505,0.7454
"['25%', '50%']",47.383,0.5929,0.5095,0.6304
"['25%', '75%']",89.0,0.5246,0.483,0.6146
"['25%', 'max']",121.9433,0.5512,0.5829,0.6215
"['25%', 'slope']",91.9523,0.5018,0.493,0.592
"['25%', 'kurt']",101.8871,0.6395,0.8441,0.7434
"['25%', 'skew']",129.0058,0.5776,0.695,0.6054
"['50%', '75%']",109.1538,0.4742,0.4047,0.5354
"['50%', 'max']",138.4067,0.5059,0.5057,0.5149
"['50%', 'slope']",103.648,0.4763,0.4572,0.5471
"['50%', 'kurt']",124.9209,0.5676,0.6607,0.59
"['50%', 'skew']",147.6493,0.5283,0.5724,0.5249
"['75%', 'max']",128.1678,0.4904,0.215,0.3045
"['75%', 'slope']",153.5275,0.4471,0.3561,0.4697
"['75%', 'kurt']",170.3961,0.4581,0.2635,0.3693
"['75%', 'skew']",181.1929,0.4392,0.2133,0.2526
"['max', 'slope']",164.4407,0.4488,0.3271,0.3717
"['max', 'kurt']",180.3968,0.5279,0.2208,0.2666
"['max', 'skew']",192.6487,0.408,0.0578,0.0903
"['slope', 'kurt']",160.6239,0.4863,0.5883,0.5397
"['slope', 'skew']",179.3307,0.4752,0.5298,0.444
"['kurt', 'skew']",157.739,0.5983,0.2355,0.1493
"['mean', 'std', 'min']",52.9768,0.5758,0.536,0.6899
"['mean', 'std', '25%']",53.538,0.6015,0.5299,0.6881
"['mean', 'std', '50%']",76.9158,0.5498,0.5373,0.6745
"['mean', 'std', '75%']",121.7774,0.5267,0.5188,0.6637
"['mean', 'std', 'max']",168.0794,0.5587,0.587,0.6206
"['mean', 'std', 'slope']",125.8656,0.4741,0.5373,0.675
"['mean', 'std', 'kurt']",142.2993,0.6637,0.9072,0.8461
"['mean', 'std', 'skew']",168.4875,0.6038,0.8128,0.7022
"['mean', 'min', '25%']",47.031,0.6074,0.5301,0.6882
"['mean', 'min', '50%']",67.324,0.5596,0.5299,0.6881
"['mean', 'min', '75%']",108.9263,0.5428,0.5326,0.6889
"['mean', 'min', 'max']",161.4783,0.5668,0.606,0.6564
"['mean', 'min', 'slope']",111.6882,0.5029,0.5373,0.675
"['mean', 'min', 'kurt']",128.4031,0.6919,0.9072,0.8461
"['mean', 'min', 'skew']",153.6492,0.6335,0.8407,0.7338
"['mean', '25%', '50%']",63.8011,0.5898,0.5061,0.6296
"['mean', '25%', '75%']",116.1873,0.5225,0.4948,0.6292
"['mean', '25%', 'max']",180.1174,0.5536,0.5931,0.5977
"['mean', '25%', 'slope']",123.2445,0.4887,0.5262,0.6347
"['mean', '25%', 'kurt']",135.1072,0.6739,0.85,0.7573
"['mean', '25%', 'skew']",162.5805,0.6066,0.7856,0.6758
"['mean', '50%', '75%']",137.7111,0.4891,0.5047,0.6167
"['mean', '50%', 'max']",200.4983,0.5243,0.5584,0.5728
"['mean', '50%', 'slope']",129.5137,0.5045,0.5345,0.637
"['mean', '50%', 'kurt']",159.6152,0.6324,0.7844,0.6907
"['mean', '50%', 'skew']",185.4277,0.5693,0.7329,0.6325
"['mean', '75%', 'max']",220.1355,0.4982,0.5751,0.5653
"['mean', '75%', 'slope']",196.8198,0.4548,0.4936,0.6135
"['mean', '75%', 'kurt']",227.7642,0.5281,0.7736,0.6981
"['mean', '75%', 'skew']",251.6869,0.4612,0.6211,0.5321
"['mean', 'max', 'slope']",249.4206,0.4651,0.5362,0.5457
"['mean', 'max', 'kurt']",287.4686,0.4724,0.5933,0.6083
"['mean', 'max', 'skew']",341.3424,0.3938,0.5455,0.5388
"['mean', 'slope', 'kurt']",236.8759,0.4806,0.7294,0.5933
"['mean', 'slope', 'skew']",236.7695,0.5155,0.7251,0.6127
"['mean', 'kurt', 'skew']",266.6268,0.5901,0.8039,0.6692
"['std', 'min', '25%']",48.0999,0.6133,0.5326,0.6889
"['std', 'min', '50%']",72.971,0.5465,0.5409,0.6913
"['std', 'min', '75%']",110.8987,0.545,0.5317,0.6887
"['std', 'min', 'max']",149.94,0.5782,0.5892,0.6261
"['std', 'min', 'slope']",112.0883,0.4943,0.5391,0.6514
"['std', 'min', 'kurt']",127.4344,0.6935,0.918,0.8567
"['std', 'min', 'skew']",153.1858,0.6399,0.8505,0.7454
"['std', '25%', '50%']",75.7621,0.5636,0.5373,0.6745
"['std', '25%', '75%']",127.8427,0.5221,0.5336,0.6892
"['std', '25%', 'max']",168.349,0.5574,0.5989,0.6251
"['std', '25%', 'slope']",130.0723,0.4679,0.5408,0.676
"['std', '25%', 'kurt']",142.6803,0.6648,0.8944,0.8096
"['std', '25%', 'skew']",170.0398,0.6028,0.8267,0.7171
"['std', '50%', '75%']",152.0404,0.4893,0.5067,0.6452
"['std', '50%', 'max']",189.9719,0.5299,0.5818,0.6033
"['std', '50%', 'slope']",141.9304,0.4694,0.539,0.6659
"['std', '50%', 'kurt']",171.8586,0.6173,0.8667,0.777
"['std', '50%', 'skew']",198.62,0.559,0.7856,0.6758
"['std', '75%', 'max']",213.6846,0.5122,0.5883,0.604
"['std', '75%', 'slope']",203.8708,0.4536,0.5166,0.6389
"['std', '75%', 'kurt']",246.2893,0.4381,0.5306,0.6643
"['std', '75%', 'skew']",270.7244,0.4801,0.8128,0.7022
"['std', 'max', 'slope']",239.9576,0.472,0.5367,0.5523
"['std', 'max', 'kurt']",273.0208,0.4805,0.5818,0.6039
"['std', 'max', 'skew']",329.6585,0.4061,0.5744,0.6105
"['std', 'slope', 'kurt']",215.6361,0.554,0.8006,0.7059
"['std', 'slope', 'skew']",237.3272,0.5185,0.7227,0.6082
"['std', 'kurt', 'skew']",270.1007,0.5948,0.7751,0.6739
"['min', '25%', '50%']",68.2236,0.5657,0.528,0.6663
"['min', '25%', '75%']",115.1093,0.5298,0.5317,0.6887
"['min', '25%', 'max']",164.1043,0.5611,0.6081,0.6578
"['min', '25%', 'slope']",115.987,0.4917,0.5373,0.675
"['min', '25%', 'kurt']",130.4065,0.6885,0.89,0.8212
"['min', '25%', 'skew']",156.1653,0.6293,0.8407,0.7338
"['min', '50%', '75%']",139.5169,0.4946,0.5061,0.6451
"['min', '50%', 'max']",186.3959,0.5423,0.5795,0.5977
"['min', '50%', 'slope']",128.9306,0.4896,0.5286,0.6633
"['min', '50%', 'kurt']",159.3202,0.6441,0.8837,0.7988
"['min', '50%', 'skew']",184.8945,0.5891,0.8267,0.7171
"['min', '75%', 'max']",209.07,0.525,0.6014,0.6094
"['min', '75%', 'slope']",191.8109,0.4642,0.5166,0.6389
"['min', '75%', 'kurt']",229.7766,0.5475,0.8729,0.7993
"['min', '75%', 'skew']",255.4793,0.5022,0.8407,0.7338
"['min', 'max', 'slope']",234.6995,0.4858,0.5949,0.6405
"['min', 'max', 'kurt']",269.8008,0.4989,0.595,0.6289
"['min', 'max', 'skew']",327.7594,0.4232,0.5749,0.6119
"['min', 'slope', 'kurt']",207.6065,0.581,0.8667,0.777
"['min', 'slope', 'skew']",229.3909,0.5316,0.7433,0.6287
"['min', 'kurt', 'skew']",260.212,0.613,0.8155,0.686
"['25%', '50%', '75%']",146.4214,0.4793,0.483,0.6146
"['25%', '50%', 'max']",202.6058,0.5176,0.5661,0.5894
"['25%', '50%', 'slope']",136.0058,0.487,0.5159,0.619
"['25%', '50%', 'kurt']",163.1184,0.6262,0.8333,0.739
"['25%', '50%', 'skew']",188.1126,0.5474,0.6585,0.5817
"['25%', '75%', 'max']",226.5314,0.4904,0.5751,0.5653
"['25%', '75%', 'slope']",203.2182,0.4491,0.4823,0.5991
"['25%', '75%', 'kurt']",231.9763,0.5272,0.8061,0.728
"['25%', '75%', 'skew']",257.4944,0.4599,0.6456,0.5571
"['25%', 'max', 'slope']",249.6081,0.4617,0.5492,0.5585
"['25%', 'max', 'kurt']",286.4384,0.4681,0.5933,0.6083
"['25%', 'max', 'skew']",341.367,0.3868,0.5325,0.5227
"['25%', 'slope', 'kurt']",210.5911,0.558,0.7368,0.6492
"['25%', 'slope', 'skew']",234.6537,0.5165,0.6928,0.5904
"['25%', 'kurt', 'skew']",267.5871,0.5841,0.783,0.6458
"['50%', '75%', 'max']",235.8941,0.4629,0.4815,0.479
"['50%', '75%', 'slope']",219.6591,0.4403,0.3387,0.4583
"['50%', '75%', 'kurt']",249.1318,0.4874,0.6499,0.6006
"['50%', '75%', 'skew']",270.931,0.428,0.5557,0.5056
"['50%', 'max', 'slope']",263.5446,0.4373,0.4011,0.4169
"['50%', 'max', 'kurt']",309.2609,0.4336,0.5392,0.535
"['50%', 'max', 'skew']",353.2118,0.352,0.4162,0.4221
"['50%', 'slope', 'kurt']",233.7822,0.5185,0.7525,0.6624
"['50%', 'slope', 'skew']",253.8715,0.4575,0.5305,0.5029
"['50%', 'kurt', 'skew']",293.5992,0.5411,0.783,0.6458
"['75%', 'max', 'slope']",290.9383,0.3879,0.4309,0.4353
"['75%', 'max', 'kurt']",333.7997,0.3806,0.4677,0.479
"['75%', 'max', 'skew']",347.2086,0.3191,0.2136,0.294
"['75%', 'slope', 'kurt']",310.3323,0.411,0.6607,0.59
"['75%', 'slope', 'skew']",331.535,0.3768,0.6102,0.4749
"['75%', 'kurt', 'skew']",338.7045,0.4093,0.2183,0.2981
"['max', 'slope', 'kurt']",343.3304,0.3644,0.2412,0.3022
"['max', 'slope', 'skew']",363.2762,0.3436,0.1477,0.147
"['max', 'kurt', 'skew']",351.8331,0.4532,0.1916,0.1978
"['slope', 'kurt', 'skew']",322.5381,0.5086,0.3051,0.2181
"['mean', 'std', 'min', '25%']",68.0026,0.593,0.531,0.6885
"['mean', 'std', 'min', '50%']",92.603,0.5478,0.5471,0.6931
"['mean', 'std', 'min', '75%']",141.9684,0.5244,0.5317,0.6887
"['mean', 'std', 'min', 'max']",197.9367,0.533,0.5883,0.6823
"['mean', 'std', 'min', 'slope']",146.0291,0.4714,0.539,0.675
"['mean', 'std', 'min', 'kurt']",162.7952,0.699,0.9246,0.8792
"['mean', 'std', 'min', 'skew']",188.5958,0.6302,0.8692,0.7797
"['mean', 'std', '25%', '50%']",93.9831,0.5626,0.5299,0.6668
"['mean', 'std', '25%', '75%']",157.1436,0.5044,0.5061,0.6451
"['mean', 'std', '25%', 'max']",216.4316,0.5201,0.5883,0.6823
"['mean', 'std', '25%', 'slope']",158.2206,0.4638,0.5408,0.6755
"['mean', 'std', '25%', 'kurt']",177.5131,0.6769,0.8729,0.7993
"['mean', 'std', '25%', 'skew']",202.9781,0.6069,0.8267,0.7171
"['mean', 'std', '50%', '75%']",179.0593,0.4754,0.5137,0.6471
"['mean', 'std', '50%', 'max']",239.8532,0.5008,0.5662,0.6541
"['mean', 'std', '50%', 'slope']",166.4212,0.4828,0.5447,0.6551
"['mean', 'std', '50%', 'kurt']",205.0629,0.6477,0.89,0.8212
"['mean', 'std', '50%', 'skew']",230.5572,0.5778,0.8128,0.7022
"['mean', 'std', '75%', 'max']",271.945,0.5194,0.6107,0.6099
"['mean', 'std', '75%', 'slope']",235.2811,0.4531,0.5182,0.6481
"['mean', 'std', '75%', 'kurt']",275.1943,0.578,0.8729,0.7993
"['mean', 'std', '75%', 'skew']",301.3366,0.5127,0.8267,0.7171
"['mean', 'std', 'max', 'slope']",292.9993,0.4713,0.6064,0.6634
"['mean', 'std', 'max', 'kurt']",330.6587,0.4736,0.6139,0.6674
"['mean', 'std', 'max', 'skew']",391.9404,0.4271,0.5716,0.5915
"['mean', 'std', 'slope', 'kurt']",255.5088,0.5979,0.8667,0.777
"['mean', 'std', 'slope', 'skew']",281.8804,0.5329,0.7914,0.6775
"['mean', 'std', 'kurt', 'skew']",309.3968,0.5955,0.8253,0.7016
"['mean', 'min', '25%', '50%']",85.2462,0.5661,0.5211,0.6643
"['mean', 'min', '25%', '75%']",143.5854,0.5123,0.5063,0.6451
"['mean', 'min', '25%', 'max']",203.0677,0.5266,0.5819,0.7036
"['mean', 'min', '25%', 'slope']",145.458,0.4832,0.5497,0.678
"['mean', 'min', '25%', 'kurt']",163.7593,0.6989,0.9072,0.8461
"['mean', 'min', '25%', 'skew']",188.4318,0.6263,0.8407,0.7338
"['mean', 'min', '50%', '75%']",163.9338,0.4904,0.5122,0.6467
"['mean', 'min', '50%', 'max']",226.3624,0.5087,0.5604,0.6756
"['mean', 'min', '50%', 'slope']",153.3005,0.5035,0.5478,0.6559
"['mean', 'min', '50%', 'kurt']",190.9694,0.6682,0.89,0.8212
"['mean', 'min', '50%', 'skew']",215.2705,0.5986,0.8267,0.7171
"['mean', 'min', '75%', 'max']",266.5833,0.5276,0.6107,0.6099
"['mean', 'min', '75%', 'slope']",222.9496,0.4586,0.517,0.6478
"['mean', 'min', '75%', 'kurt']",260.0661,0.5947,0.8729,0.7993
"['mean', 'min', '75%', 'skew']",284.8981,0.5241,0.8128,0.7022
"['mean', 'min', 'max', 'slope']",280.932,0.4799,0.6023,0.6634
"['mean', 'min', 'max', 'kurt']",320.9293,0.4852,0.6115,0.6652
"['mean', 'min', 'max', 'skew']",380.1842,0.4822,0.8407,0.7338
"['mean', 'min', 'slope', 'kurt']",244.5409,0.6163,0.8837,0.7988
"['mean', 'min', 'slope', 'skew']",269.9461,0.552,0.8188,0.7061
"['mean', 'min', 'kurt', 'skew']",295.8256,0.6154,0.8253,0.7016
"['mean', '25%', '50%', '75%']",169.1527,0.4828,0.4998,0.6305
"['mean', '25%', '50%', 'max']",238.201,0.4939,0.5405,0.6419
"['mean', '25%', '50%', 'slope']",158.0507,0.4938,0.5172,0.6324
"['mean', '25%', '50%', 'kurt']",196.2405,0.6546,0.8392,0.7612
"['mean', '25%', '50%', 'skew']",222.0246,0.566,0.7201,0.623
"['mean', '25%', '75%', 'max']",283.9162,0.5083,0.6077,0.5917
"['mean', '25%', '75%', 'slope']",232.3575,0.4521,0.5054,0.6295
"['mean', '25%', '75%', 'kurt']",264.3164,0.5788,0.8226,0.7441
"['mean', '25%', '75%', 'skew']",290.2883,0.5054,0.7722,0.664
"['mean', '25%', 'max', 'slope']",298.2633,0.4567,0.5513,0.6143
"['mean', '25%', 'max', 'kurt']",336.6978,0.4448,0.5498,0.6283
"['mean', '25%', 'max', 'skew']",386.2769,0.4557,0.7201,0.623
"['mean', '25%', 'slope', 'kurt']",249.664,0.6022,0.8333,0.739
"['mean', '25%', 'slope', 'skew']",276.1266,0.5318,0.7508,0.6329
"['mean', '25%', 'kurt', 'skew']",302.4757,0.5997,0.812,0.6872
"['mean', '50%', '75%', 'max']",299.1322,0.4916,0.5858,0.5628
"['mean', '50%', '75%', 'slope']",251.6162,0.4358,0.5418,0.6261
"['mean', '50%', '75%', 'kurt']",291.6953,0.3956,0.4923,0.602
"['mean', '50%', '75%', 'skew']",309.4638,0.4705,0.6827,0.5972
"['mean', '50%', 'max', 'slope']",319.7025,0.4388,0.5224,0.5948
"['mean', '50%', 'max', 'kurt']",358.6416,0.4243,0.5284,0.6109
"['mean', '50%', 'max', 'skew']",405.765,0.4301,0.6706,0.5893
"['mean', '50%', 'slope', 'kurt']",276.1417,0.569,0.7844,0.6907
"['mean', '50%', 'slope', 'skew']",300.1858,0.5035,0.7251,0.6127
"['mean', '50%', 'kurt', 'skew']",328.1395,0.5755,0.8039,0.6692
"['mean', '75%', 'max', 'slope']",359.7245,0.431,0.5661,0.6162
"['mean', '75%', 'max', 'kurt']",394.8435,0.4342,0.5944,0.5932
"['mean', '75%', 'max', 'skew']",437.353,0.382,0.5373,0.515
"['mean', '75%', 'slope', 'kurt']",350.434,0.3828,0.5052,0.6294
"['mean', '75%', 'slope', 'skew']",378.7103,0.4418,0.7499,0.606
"['mean', '75%', 'kurt', 'skew']",399.0795,0.4897,0.7713,0.637
"['mean', 'max', 'slope', 'kurt']",406.3861,0.4047,0.5701,0.593
"['mean', 'max', 'slope', 'skew']",462.6626,0.3952,0.7392,0.6182
"['mean', 'max', 'kurt', 'skew']",490.0479,0.4344,0.7885,0.6484
"['mean', 'slope', 'kurt', 'skew']",376.7476,0.5246,0.7776,0.6444
"['std', 'min', '25%', '50%']",91.5601,0.5528,0.5326,0.6889
"['std', 'min', '25%', '75%']",148.0315,0.5173,0.5336,0.6892
"['std', 'min', '25%', 'max']",201.8712,0.5322,0.5941,0.6787
"['std', 'min', '25%', 'slope']",150.5076,0.4665,0.539,0.6755
"['std', 'min', '25%', 'kurt']",165.2429,0.6971,0.9246,0.8792
"['std', 'min', '25%', 'skew']",191.1986,0.6281,0.8692,0.7797
"['std', 'min', '50%', '75%']",173.5733,0.4943,0.5317,0.6887
"['std', 'min', '50%', 'max']",226.9735,0.5076,0.5772,0.6731
"['std', 'min', '50%', 'slope']",160.5117,0.4773,0.5428,0.6761
"['std', 'min', '50%', 'kurt']",195.6426,0.6623,0.9246,0.8792
"['std', 'min', '50%', 'skew']",221.8459,0.5982,0.8692,0.7797
"['std', 'min', '75%', 'max']",257.5962,0.5292,0.6271,0.6412
"['std', 'min', '75%', 'slope']",227.2453,0.4561,0.5282,0.6634
"['std', 'min', '75%', 'kurt']",267.9406,0.454,0.5311,0.6731
"['std', 'min', '75%', 'skew']",293.9718,0.5272,0.8407,0.7338
"['std', 'min', 'max', 'slope']",274.5848,0.4826,0.6087,0.6656
"['std', 'min', 'max', 'kurt']",311.419,0.4889,0.6012,0.6656
"['std', 'min', 'max', 'skew']",374.9652,0.4419,0.5892,0.6261
"['std', 'min', 'slope', 'kurt']",245.0899,0.615,0.9007,0.8236
"['std', 'min', 'slope', 'skew']",268.5708,0.5578,0.8237,0.7091
"['std', 'min', 'kurt', 'skew']",296.498,0.6185,0.8449,0.72
"['std', '25%', '50%', '75%']",187.1422,0.4799,0.5067,0.6452
"['std', '25%', '50%', 'max']",244.8949,0.4939,0.5624,0.6529
"['std', '25%', '50%', 'slope']",171.6274,0.474,0.5497,0.678
"['std', '25%', '50%', 'kurt']",207.4935,0.6431,0.8667,0.777
"['std', '25%', '50%', 'skew']",233.3962,0.5731,0.8128,0.7022
"['std', '25%', '75%', 'max']",277.3468,0.5143,0.6193,0.6101
"['std', '25%', '75%', 'slope']",241.9127,0.4463,0.5172,0.6478
"['std', '25%', '75%', 'kurt']",279.1652,0.573,0.8729,0.7993
"['std', '25%', '75%', 'skew']",305.4323,0.5054,0.8128,0.7022
"['std', '25%', 'max', 'slope']",294.805,0.4599,0.5702,0.6172
"['std', '25%', 'max', 'kurt']",331.3946,0.4674,0.5952,0.6402
"['std', '25%', 'max', 'skew']",392.0084,0.4276,0.5949,0.6119
"['std', '25%', 'slope', 'kurt']",256.018,0.5945,0.85,0.7573
"['std', '25%', 'slope', 'skew']",281.4234,0.5238,0.7384,0.6315
"['std', '25%', 'kurt', 'skew']",310.064,0.5951,0.8091,0.6732
"['std', '50%', '75%', 'max']",293.2093,0.5025,0.6123,0.6072
"['std', '50%', '75%', 'slope']",266.9464,0.4353,0.5176,0.648
"['std', '50%', '75%', 'kurt']",305.9349,0.5456,0.89,0.8212
"['std', '50%', '75%', 'skew']",330.2153,0.4671,0.7329,0.6325
"['std', '50%', 'max', 'slope']",318.3548,0.4551,0.5732,0.5981
"['std', '50%', 'max', 'kurt']",354.9221,0.4553,0.587,0.6197
"['std', '50%', 'max', 'skew']",413.9535,0.4045,0.5579,0.5778
"['std', '50%', 'slope', 'kurt']",285.1413,0.561,0.8169,0.722
"['std', '50%', 'slope', 'skew']",308.2017,0.4931,0.7128,0.6121
"['std', '50%', 'kurt', 'skew']",338.2877,0.5615,0.7836,0.6565
"['std', '75%', 'max', 'slope']",353.3299,0.4522,0.6237,0.6308
"['std', '75%', 'max', 'kurt']",386.3809,0.4423,0.6158,0.6461
"['std', '75%', 'max', 'skew']",436.0352,0.391,0.5737,0.5906
"['std', '75%', 'slope', 'kurt']",358.8474,0.3815,0.5172,0.6478
"['std', '75%', 'slope', 'skew']",387.6271,0.4491,0.7963,0.6776
"['std', '75%', 'kurt', 'skew']",412.5808,0.493,0.8253,0.7016
"['std', 'max', 'slope', 'kurt']",397.6787,0.4075,0.5741,0.6142
"['std', 'max', 'slope', 'skew']",461.4216,0.3961,0.6694,0.5679
"['std', 'max', 'kurt', 'skew']",493.6654,0.4422,0.7968,0.6712
"['std', 'slope', 'kurt', 'skew']",380.8057,0.5251,0.7671,0.6323
"['min', '25%', '50%', '75%']",172.6922,0.4799,0.5263,0.6658
"['min', '25%', '50%', 'max']",231.5682,0.5007,0.5604,0.6756
"['min', '25%', '50%', 'slope']",159.0842,0.4838,0.5357,0.6741
"['min', '25%', '50%', 'kurt']",194.9828,0.6613,0.89,0.8212
"['min', '25%', '50%', 'skew']",219.7252,0.5948,0.8407,0.7338
"['min', '25%', '75%', 'max']",272.1391,0.5222,0.6382,0.6409
"['min', '25%', '75%', 'slope']",229.8386,0.4517,0.5182,0.6481
"['min', '25%', '75%', 'kurt']",264.6714,0.5891,0.8729,0.7993
"['min', '25%', '75%', 'skew']",289.5784,0.5193,0.8128,0.7022
"['min', '25%', 'max', 'slope']",284.1894,0.4726,0.5929,0.6602
"['min', '25%', 'max', 'kurt']",322.8008,0.4832,0.6139,0.6674
"['min', '25%', 'max', 'skew']",382.8376,0.4783,0.8407,0.7338
"['min', '25%', 'slope', 'kurt']",246.5932,0.6139,0.9007,0.8236
"['min', '25%', 'slope', 'skew']",271.3707,0.5462,0.7914,0.6775
"['min', '25%', 'kurt', 'skew']",297.101,0.6148,0.8305,0.6996
"['min', '50%', '75%', 'max']",288.3539,0.5091,0.6201,0.6186
"['min', '50%', '75%', 'slope']",254.5275,0.4414,0.5182,0.6481
"['min', '50%', '75%', 'kurt']",291.1235,0.5603,0.8729,0.7993
"['min', '50%', '75%', 'skew']",313.6594,0.4839,0.7459,0.6424
"['min', '50%', 'max', 'slope']",309.0331,0.4589,0.5929,0.6602
"['min', '50%', 'max', 'kurt']",347.9491,0.4547,0.5967,0.66
"['min', '50%', 'max', 'skew']",409.6924,0.4465,0.7609,0.6547
"['min', '50%', 'slope', 'kurt']",274.9892,0.5817,0.8667,0.777
"['min', '50%', 'slope', 'skew']",298.2602,0.5168,0.7779,0.6648
"['min', '50%', 'kurt', 'skew']",325.5527,0.5814,0.7969,0.6699
"['min', '75%', 'max', 'slope']",345.7705,0.4542,0.6218,0.6503
"['min', '75%', 'max', 'kurt']",380.3008,0.4568,0.6352,0.654
"['min', '75%', 'max', 'skew']",431.954,0.4048,0.5866,0.5958
"['min', '75%', 'slope', 'kurt']",346.8861,0.3893,0.5172,0.6478
"['min', '75%', 'slope', 'skew']",375.0433,0.4663,0.8221,0.6906
"['min', '75%', 'kurt', 'skew']",399.0521,0.5084,0.8259,0.7022
"['min', 'max', 'slope', 'kurt']",392.9256,0.422,0.6057,0.6513
"['min', 'max', 'slope', 'skew']",456.1831,0.4092,0.7405,0.6078
"['min', 'max', 'kurt', 'skew']",483.8637,0.4568,0.8341,0.7109
"['min', 'slope', 'kurt', 'skew']",372.0325,0.5388,0.796,0.6588
"['25%', '50%', '75%', 'max']",305.3869,0.4849,0.5732,0.5492
"['25%', '50%', '75%', 'slope']",259.6465,0.4286,0.5515,0.6417
"['25%', '50%', '75%', 'kurt']",290.8927,0.5455,0.7736,0.6981
"['25%', '50%', '75%', 'skew']",315.1929,0.4705,0.7075,0.614
"['25%', '50%', 'max', 'slope']",323.4564,0.4321,0.4908,0.5576
"['25%', '50%', 'max', 'kurt']",362.4567,0.4159,0.5393,0.6109
"['25%', '50%', 'max', 'skew']",410.563,0.4273,0.695,0.6054
"['25%', '50%', 'slope', 'kurt']",275.8254,0.5663,0.7684,0.6762
"['25%', '50%', 'slope', 'skew']",300.1344,0.4978,0.7003,0.6032
"['25%', '50%', 'kurt', 'skew']",330.6643,0.5688,0.8039,0.6692
"['25%', '75%', 'max', 'slope']",366.6283,0.4242,0.5933,0.652
"['25%', '75%', 'max', 'kurt']",399.1067,0.4278,0.6078,0.6096
"['25%', '75%', 'max', 'skew']",444.2675,0.3731,0.5246,0.5025
"['25%', '75%', 'slope', 'kurt']",352.8164,0.4952,0.8006,0.7059
"['25%', '75%', 'slope', 'skew']",379.9574,0.4432,0.7511,0.6211
"['25%', '75%', 'kurt', 'skew']",401.1613,0.4844,0.7571,0.6178
"['25%', 'max', 'slope', 'kurt']",406.5433,0.4008,0.5676,0.5925
"['25%', 'max', 'slope', 'skew']",461.1097,0.3935,0.6998,0.5851
"['25%', 'max', 'kurt', 'skew']",492.5238,0.4288,0.7678,0.6233
"['25%', 'slope', 'kurt', 'skew']",376.2991,0.52,0.7525,0.6223
"['50%', '75%', 'max', 'slope']",378.3669,0.4147,0.535,0.5122
"['50%', '75%', 'max', 'kurt']",415.0857,0.4111,0.5732,0.5575
"['50%', '75%', 'max', 'skew']",450.778,0.3513,0.4463,0.4345
"['50%', '75%', 'slope', 'kurt']",375.9539,0.4561,0.6607,0.59
"['50%', '75%', 'slope', 'skew']",398.7577,0.3815,0.5407,0.5081
"['50%', '75%', 'kurt', 'skew']",426.4356,0.4519,0.7558,0.6131
"['50%', 'max', 'slope', 'kurt']",428.9697,0.3788,0.52,0.5583
"['50%', 'max', 'slope', 'skew']",475.8651,0.3353,0.478,0.3973
"['50%', 'max', 'kurt', 'skew']",513.9122,0.3926,0.7335,0.5848
"['50%', 'slope', 'kurt', 'skew']",401.7405,0.4848,0.7261,0.6017
"['75%', 'max', 'slope', 'kurt']",466.2966,0.3617,0.5544,0.5535
"['75%', 'max', 'slope', 'skew']",505.6311,0.2969,0.3904,0.3825
"['75%', 'max', 'kurt', 'skew']",513.8499,0.3419,0.2814,0.2405
"['75%', 'slope', 'kurt', 'skew']",479.3941,0.3902,0.7107,0.5621
"['max', 'slope', 'kurt', 'skew']",523.5047,0.3672,0.1843,0.1768
"['mean', 'std', 'min', '25%', '50%']",110.3051,0.5526,0.5298,0.6881
"['mean', 'std', 'min', '25%', '75%']",178.6581,0.5008,0.5301,0.6882
"['mean', 'std', 'min', '25%', 'max']",237.1994,0.5165,0.5829,0.6889
"['mean', 'std', 'min', '25%', 'slope']",175.9033,0.4646,0.539,0.675
"['mean', 'std', 'min', '25%', 'kurt']",200.3027,0.7026,0.9246,0.8792
"['mean', 'std', 'min', '25%', 'skew']",225.5522,0.6218,0.8549,0.7532
"['mean', 'std', 'min', '50%', '75%']",200.1838,0.4815,0.5428,0.6918
"['mean', 'std', 'min', '50%', 'max']",260.8821,0.497,0.5705,0.7001
"['mean', 'std', 'min', '50%', 'slope']",185.3704,0.4799,0.545,0.6767
"['mean', 'std', 'min', '50%', 'kurt']",230.7023,0.6761,0.9246,0.8792
"['mean', 'std', 'min', '50%', 'skew']",253.729,0.5948,0.8282,0.7186
"['mean', 'std', 'min', '75%', 'max']",302.6911,0.4902,0.6084,0.6835
"['mean', 'std', 'min', '75%', 'slope']",259.6438,0.452,0.5297,0.6727
"['mean', 'std', 'min', '75%', 'kurt']",299.1357,0.4471,0.5317,0.6887
"['mean', 'std', 'min', '75%', 'skew']",324.455,0.5372,0.8282,0.7186
"['mean', 'std', 'min', 'max', 'slope']",317.3086,0.466,0.5853,0.666
"['mean', 'std', 'min', 'max', 'kurt']",355.402,0.4706,0.5883,0.6823
"['mean', 'std', 'min', 'max', 'skew']",415.6189,0.5072,0.8643,0.7688
"['mean', 'std', 'min', 'slope', 'kurt']",301.1287,0.3936,0.5357,0.6741
"['mean', 'std', 'min', 'slope', 'skew']",307.1169,0.5607,0.8327,0.7228
"['mean', 'std', 'min', 'kurt', 'skew']",334.0987,0.61,0.8552,0.7432
"['mean', 'std', '25%', '50%', '75%']",210.1751,0.468,0.5153,0.6476
"['mean', 'std', '25%', '50%', 'max']",275.8817,0.4893,0.5604,0.6756
"['mean', 'std', '25%', '50%', 'slope']",194.035,0.5038,0.5817,0.6506
"['mean', 'std', '25%', '50%', 'kurt']",240.2957,0.6627,0.89,0.8212
"['mean', 'std', '25%', '50%', 'skew']",265.0838,0.5804,0.8128,0.7022
"['mean', 'std', '25%', '75%', 'max']",321.7235,0.4763,0.6019,0.6868
"['mean', 'std', '25%', '75%', 'slope']",272.6718,0.4432,0.5061,0.6297
"['mean', 'std', '25%', '75%', 'kurt']",310.0891,0.605,0.8729,0.7993
"['mean', 'std', '25%', '75%', 'skew']",335.5009,0.5197,0.7991,0.6885
"['mean', 'std', '25%', 'max', 'slope']",335.4587,0.4575,0.5853,0.666
"['mean', 'std', '25%', 'max', 'kurt']",372.725,0.4567,0.587,0.6902
"['mean', 'std', '25%', 'max', 'skew']",430.3279,0.4866,0.8248,0.7012
"['mean', 'std', '25%', 'slope', 'kurt']",293.2204,0.6203,0.8667,0.777
"['mean', 'std', '25%', 'slope', 'skew']",318.0331,0.5455,0.805,0.6911
"['mean', 'std', '25%', 'kurt', 'skew']",344.1599,0.5956,0.8253,0.7016
"['mean', 'std', '50%', '75%', 'max']",343.9472,0.4552,0.5719,0.6791
"['mean', 'std', '50%', '75%', 'slope']",291.0659,0.4374,0.5515,0.6417
"['mean', 'std', '50%', '75%', 'kurt']",333.2437,0.4016,0.5172,0.633
"['mean', 'std', '50%', '75%', 'skew']",360.8444,0.4924,0.7589,0.6529
"['mean', 'std', '50%', 'max', 'slope']",359.1063,0.4424,0.5636,0.638
"['mean', 'std', '50%', 'max', 'kurt']",396.8885,0.4321,0.5705,0.7001
"['mean', 'std', '50%', 'max', 'skew']",457.9669,0.4635,0.8114,0.6867
"['mean', 'std', '50%', 'slope', 'kurt']",319.4588,0.403,0.5192,0.6329
"['mean', 'std', '50%', 'slope', 'skew']",346.0353,0.5176,0.7779,0.6648
"['mean', 'std', '50%', 'kurt', 'skew']",372.191,0.5733,0.8253,0.7016
"['mean', 'std', '75%', 'max', 'slope']",399.8356,0.4206,0.5404,0.6405
"['mean', 'std', '75%', 'max', 'kurt']",438.6995,0.4258,0.6072,0.6776
"['mean', 'std', '75%', 'max', 'skew']",494.8313,0.4164,0.6005,0.5942
"['mean', 'std', '75%', 'slope', 'kurt']",390.0067,0.3905,0.5176,0.648
"['mean', 'std', '75%', 'slope', 'skew']",421.8582,0.4812,0.8302,0.7001
"['mean', 'std', '75%', 'kurt', 'skew']",444.8515,0.5183,0.8248,0.7024
"['mean', 'std', 'max', 'slope', 'kurt']",448.2367,0.406,0.5759,0.6417
"['mean', 'std', 'max', 'slope', 'skew']",506.4463,0.439,0.8154,0.6885
"['mean', 'std', 'max', 'kurt', 'skew']",533.876,0.4756,0.8376,0.7246
"['mean', 'std', 'slope', 'kurt', 'skew']",421.5294,0.5356,0.7908,0.6561
"['mean', 'min', '25%', '50%', '75%']",194.6187,0.481,0.5171,0.6481
"['mean', 'min', '25%', '50%', 'max']",261.7796,0.4977,0.5742,0.7012
"['mean', 'min', '25%', '50%', 'slope']",181.9781,0.5009,0.5478,0.6407
"['mean', 'min', '25%', '50%', 'kurt']",234.0464,0.4809,0.5172,0.6478
"['mean', 'min', '25%', '50%', 'skew']",250.1184,0.594,0.8128,0.7022
"['mean', 'min', '25%', '75%', 'max']",307.6245,0.4742,0.586,0.7049
"['mean', 'min', '25%', '75%', 'slope']",259.8449,0.4472,0.5054,0.6295
"['mean', 'min', '25%', '75%', 'kurt']",294.9609,0.6184,0.8729,0.7993
"['mean', 'min', '25%', '75%', 'skew']",319.3341,0.534,0.8128,0.7022
"['mean', 'min', '25%', 'max', 'slope']",322.7652,0.4662,0.5897,0.6673
"['mean', 'min', '25%', 'max', 'kurt']",359.0039,0.4662,0.586,0.7049
"['mean', 'min', '25%', 'max', 'skew']",415.1562,0.4959,0.8267,0.7171
"['mean', 'min', '25%', 'slope', 'kurt']",281.4336,0.6338,0.8667,0.777
"['mean', 'min', '25%', 'slope', 'skew']",305.2138,0.5597,0.8188,0.7061
"['mean', 'min', '25%', 'kurt', 'skew']",330.5628,0.61,0.8259,0.7022
"['mean', 'min', '50%', '75%', 'max']",330.3499,0.4425,0.5375,0.6903
"['mean', 'min', '50%', '75%', 'slope']",276.7207,0.4493,0.5553,0.6428
"['mean', 'min', '50%', '75%', 'kurt']",318.0442,0.4138,0.5192,0.6335
"['mean', 'min', '50%', '75%', 'skew']",344.3286,0.504,0.7609,0.6547
"['mean', 'min', '50%', 'max', 'slope']",345.8738,0.4492,0.5722,0.6699
"['mean', 'min', '50%', 'max', 'kurt']",382.7418,0.4437,0.5705,0.7001
"['mean', 'min', '50%', 'max', 'skew']",440.2602,0.4719,0.774,0.6657
"['mean', 'min', '50%', 'slope', 'kurt']",306.9972,0.4258,0.5345,0.637
"['mean', 'min', '50%', 'slope', 'skew']",332.9762,0.5392,0.8188,0.7061
"['mean', 'min', '50%', 'kurt', 'skew']",358.6198,0.5883,0.8253,0.7016
"['mean', 'min', '75%', 'max', 'slope']",387.0315,0.4365,0.5598,0.6466
"['mean', 'min', '75%', 'max', 'kurt']",427.5062,0.427,0.5987,0.6802
"['mean', 'min', '75%', 'max', 'skew']",490.75,0.4241,0.6123,0.6072
"['mean', 'min', '75%', 'slope', 'kurt']",377.6777,0.3945,0.517,0.6478
"['mean', 'min', '75%', 'slope', 'skew']",405.8229,0.4861,0.8327,0.7228
"['mean', 'min', '75%', 'kurt', 'skew']",431.102,0.5281,0.8395,0.7184
"['mean', 'min', 'max', 'slope', 'kurt']",437.671,0.4187,0.5759,0.6417
"['mean', 'min', 'max', 'slope', 'skew']",495.0869,0.4477,0.8154,0.6885
"['mean', 'min', 'max', 'kurt', 'skew']",520.5405,0.4891,0.8376,0.7246
"['mean', 'min', 'slope', 'kurt', 'skew']",409.5157,0.5517,0.8171,0.6835
"['mean', '25%', '50%', '75%', 'max']",337.0426,0.4311,0.5088,0.6458
"['mean', '25%', '50%', '75%', 'slope']",279.1559,0.4462,0.5344,0.624
"['mean', '25%', '50%', '75%', 'kurt']",322.8609,0.407,0.5154,0.6324
"['mean', '25%', '50%', '75%', 'skew']",347.3267,0.4929,0.7329,0.6325
"['mean', '25%', '50%', 'max', 'slope']",358.4786,0.4359,0.5478,0.6407
"['mean', '25%', '50%', 'max', 'kurt']",393.4165,0.4285,0.5405,0.6419
"['mean', '25%', '50%', 'max', 'skew']",443.2343,0.4555,0.7201,0.623
"['mean', '25%', '50%', 'slope', 'kurt']",308.452,0.4358,0.5498,0.6283
"['mean', '25%', '50%', 'slope', 'skew']",339.5203,0.5166,0.7508,0.6329
"['mean', '25%', '50%', 'kurt', 'skew']",363.6351,0.5756,0.7976,0.661
"['mean', '25%', '75%', 'max', 'slope']",400.4358,0.4126,0.5237,0.6348
"['mean', '25%', '75%', 'max', 'kurt']",439.5652,0.3887,0.5211,0.6492
"['mean', '25%', '75%', 'max', 'skew']",505.9234,0.4074,0.6003,0.5806
"['mean', '25%', '75%', 'slope', 'kurt']",385.5869,0.3874,0.4937,0.6135
"['mean', '25%', '75%', 'slope', 'skew']",414.6128,0.4765,0.7887,0.6422
"['mean', '25%', '75%', 'kurt', 'skew']",434.1235,0.5111,0.7713,0.637
"['mean', '25%', 'max', 'slope', 'kurt']",449.2764,0.4035,0.5404,0.6142
"['mean', '25%', 'max', 'slope', 'skew']",501.6425,0.4296,0.7514,0.6419
"['mean', '25%', 'max', 'kurt', 'skew']",525.7752,0.4729,0.7885,0.6484
"['mean', '25%', 'slope', 'kurt', 'skew']",414.1637,0.5373,0.7779,0.6441
"['mean', '50%', '75%', 'max', 'slope']",421.9523,0.3973,0.5137,0.6319
"['mean', '50%', '75%', 'max', 'kurt']",459.5783,0.3647,0.5108,0.6311
"['mean', '50%', '75%', 'max', 'skew']",518.0907,0.3917,0.5462,0.5104
"['mean', '50%', '75%', 'slope', 'kurt']",404.7256,0.3684,0.5376,0.6378
"['mean', '50%', '75%', 'slope', 'skew']",439.4643,0.4503,0.7626,0.6171
"['mean', '50%', '75%', 'kurt', 'skew']",459.5763,0.4876,0.7586,0.6259
"['mean', '50%', 'max', 'slope', 'kurt']",473.7961,0.3841,0.5344,0.624
"['mean', '50%', 'max', 'slope', 'skew']",525.3789,0.4012,0.6994,0.5646
"['mean', '50%', 'max', 'kurt', 'skew']",549.8538,0.4501,0.76,0.6122
"['mean', '50%', 'slope', 'kurt', 'skew']",440.6818,0.5172,0.7776,0.6444
"['mean', '75%', 'max', 'slope', 'kurt']",517.0111,0.3701,0.5465,0.6277
"['mean', '75%', 'max', 'slope', 'skew']",582.1899,0.3533,0.5251,0.4946
"['mean', '75%', 'max', 'kurt', 'skew']",604.7815,0.3759,0.5126,0.475
"['mean', '75%', 'slope', 'kurt', 'skew']",516.1995,0.4563,0.7891,0.6432
"['mean', 'max', 'slope', 'kurt', 'skew']",600.02,0.4162,0.7774,0.6501
"['std', 'min', '25%', '50%', '75%']",208.5519,0.4692,0.5428,0.6918
"['std', 'min', '25%', '50%', 'max']",265.8381,0.4912,0.5705,0.7001
"['std', 'min', '25%', '50%', 'slope']",189.3795,0.4777,0.5497,0.678
"['std', 'min', '25%', '50%', 'kurt']",232.9995,0.6719,0.9072,0.8461
"['std', 'min', '25%', '50%', 'skew']",257.4073,0.5964,0.8549,0.7532
"['std', 'min', '25%', '75%', 'max']",308.3649,0.4836,0.6019,0.6868
"['std', 'min', '25%', '75%', 'slope']",264.988,0.446,0.5289,0.6724
"['std', 'min', '25%', '75%', 'kurt']",305.1773,0.4424,0.5336,0.6892
"['std', 'min', '25%', '75%', 'skew']",328.7751,0.5369,0.8422,0.7352
"['std', 'min', '25%', 'max', 'slope']",320.9108,0.4636,0.5897,0.6673
"['std', 'min', '25%', 'max', 'kurt']",358.7715,0.4719,0.6004,0.6772
"['std', 'min', '25%', 'max', 'skew']",418.1636,0.5006,0.8692,0.7797
"['std', 'min', '25%', 'slope', 'kurt']",282.999,0.6335,0.9007,0.8236
"['std', 'min', '25%', 'slope', 'skew']",308.3629,0.5593,0.8327,0.7228
"['std', 'min', '25%', 'kurt', 'skew']",334.9093,0.6108,0.8524,0.7366
"['std', 'min', '50%', '75%', 'max']",332.5827,0.4682,0.5896,0.6772
"['std', 'min', '50%', '75%', 'slope']",291.3442,0.4351,0.5176,0.648
"['std', 'min', '50%', '75%', 'kurt']",330.667,0.4199,0.5311,0.6731
"['std', 'min', '50%', '75%', 'skew']",355.4537,0.5146,0.8267,0.7171
"['std', 'min', '50%', 'max', 'slope']",345.6818,0.4577,0.5929,0.6602
"['std', 'min', '50%', 'max', 'kurt']",383.5781,0.4464,0.5759,0.6547
"['std', 'min', '50%', 'max', 'skew']",448.8109,0.4793,0.8692,0.7797
"['std', 'min', '50%', 'slope', 'kurt']",313.8843,0.6086,0.9007,0.8236
"['std', 'min', '50%', 'slope', 'skew']",338.476,0.5371,0.8327,0.7228
"['std', 'min', '50%', 'kurt', 'skew']",365.3721,0.5843,0.8255,0.7024
"['std', 'min', '75%', 'max', 'slope']",383.7235,0.4499,0.5975,0.6618
"['std', 'min', '75%', 'max', 'kurt']",421.8507,0.4509,0.6361,0.6903
"['std', 'min', '75%', 'max', 'skew']",486.4691,0.4053,0.6389,0.6948
"['std', 'min', '75%', 'slope', 'kurt']",382.5408,0.3957,0.5297,0.6727
"['std', 'min', '75%', 'slope', 'skew']",412.4037,0.4896,0.8376,0.7284
"['std', 'min', '75%', 'kurt', 'skew']",439.4946,0.5265,0.8259,0.7022
"['std', 'min', 'max', 'slope', 'kurt']",432.8937,0.4262,0.6015,0.6616
"['std', 'min', 'max', 'slope', 'skew']",494.2702,0.4554,0.8121,0.6826
"['std', 'min', 'max', 'kurt', 'skew']",519.8222,0.4929,0.8341,0.7109
"['std', 'min', 'slope', 'kurt', 'skew']",410.8968,0.5603,0.8272,0.7002
"['std', '25%', '50%', '75%', 'max']",350.2727,0.4506,0.5719,0.6791
"['std', '25%', '50%', '75%', 'slope']",298.7414,0.4308,0.5515,0.6417
"['std', '25%', '50%', '75%', 'kurt']",342.0238,0.4091,0.5061,0.6297
"['std', '25%', '50%', '75%', 'skew']",365.9329,0.4942,0.7856,0.6758
"['std', '25%', '50%', 'max', 'slope']",363.6696,0.4388,0.5696,0.6611
"['std', '25%', '50%', 'max', 'kurt']",400.6748,0.4268,0.5587,0.6444
"['std', '25%', '50%', 'max', 'skew']",460.8442,0.4641,0.8248,0.7012
"['std', '25%', '50%', 'slope', 'kurt']",321.9577,0.5942,0.85,0.7573
"['std', '25%', '50%', 'slope', 'skew']",347.6547,0.523,0.805,0.6911
"['std', '25%', '50%', 'kurt', 'skew']",374.672,0.5689,0.8253,0.7016
"['std', '25%', '75%', 'max', 'slope']",404.7149,0.4383,0.6023,0.6759
"['std', '25%', '75%', 'max', 'kurt']",444.1183,0.4498,0.6511,0.663
"['std', '25%', '75%', 'max', 'skew']",500.1447,0.4123,0.6141,0.5996
"['std', '25%', '75%', 'slope', 'kurt']",396.2743,0.3831,0.4939,0.6136
"['std', '25%', '75%', 'slope', 'skew']",423.5138,0.4705,0.805,0.6911
"['std', '25%', '75%', 'kurt', 'skew']",447.3439,0.5141,0.8253,0.7016
"['std', '25%', 'max', 'slope', 'kurt']",448.7395,0.4045,0.5488,0.6059
"['std', '25%', 'max', 'slope', 'skew']",507.8175,0.433,0.7894,0.6613
"['std', '25%', 'max', 'kurt', 'skew']",534.4965,0.4735,0.8078,0.6765
"['std', '25%', 'slope', 'kurt', 'skew']",421.4257,0.5328,0.7779,0.6441
"['std', '50%', '75%', 'max', 'slope']",428.6902,0.4432,0.6259,0.6313
"['std', '50%', '75%', 'max', 'kurt']",463.3773,0.436,0.6325,0.648
"['std', '50%', '75%', 'max', 'skew']",516.4872,0.4011,0.6021,0.5908
"['std', '50%', '75%', 'slope', 'kurt']",420.9478,0.3732,0.5068,0.6299
"['std', '50%', '75%', 'slope', 'skew']",450.8322,0.4376,0.7514,0.6419
"['std', '50%', '75%', 'kurt', 'skew']",474.4617,0.4912,0.812,0.6872
"['std', '50%', 'max', 'slope', 'kurt']",474.9552,0.3963,0.5678,0.615
"['std', '50%', 'max', 'slope', 'skew']",534.5327,0.398,0.7003,0.6032
"['std', '50%', 'max', 'kurt', 'skew']",563.6057,0.4524,0.8078,0.6765
"['std', '50%', 'slope', 'kurt', 'skew']",449.93,0.5085,0.7651,0.6328
"['std', '75%', 'max', 'slope', 'kurt']",514.4499,0.3888,0.588,0.6362
"['std', '75%', 'max', 'slope', 'skew']",580.9067,0.3523,0.6052,0.6442
"['std', '75%', 'max', 'kurt', 'skew']",612.9532,0.3663,0.6074,0.6333
"['std', '75%', 'slope', 'kurt', 'skew']",526.488,0.4577,0.7904,0.6564
"['std', 'max', 'slope', 'kurt', 'skew']",604.2843,0.4143,0.782,0.6496
"['min', '25%', '50%', '75%', 'max']",336.6904,0.4547,0.5819,0.7036
"['min', '25%', '50%', '75%', 'slope']",284.4751,0.4398,0.5515,0.6417
"['min', '25%', '50%', '75%', 'kurt']",327.1682,0.4039,0.532,0.6522
"['min', '25%', '50%', '75%', 'skew']",349.9427,0.5024,0.7722,0.664
"['min', '25%', '50%', 'max', 'slope']",350.646,0.445,0.5686,0.6688
"['min', '25%', '50%', 'max', 'kurt']",387.6977,0.4377,0.5705,0.7001
"['min', '25%', '50%', 'max', 'skew']",445.9686,0.4645,0.7609,0.6547
"['min', '25%', '50%', 'slope', 'kurt']",312.8705,0.4089,0.53,0.651
"['min', '25%', '50%', 'slope', 'skew']",335.0343,0.5338,0.805,0.6911
"['min', '25%', '50%', 'kurt', 'skew']",361.1008,0.5836,0.8253,0.7016
"['min', '25%', '75%', 'max', 'slope']",392.5702,0.4424,0.5929,0.6726
"['min', '25%', '75%', 'max', 'kurt']",433.1902,0.429,0.6072,0.6776
"['min', '25%', '75%', 'max', 'skew']",495.7322,0.4199,0.6141,0.5996
"['min', '25%', '75%', 'slope', 'kurt']",384.25,0.5537,0.8837,0.7988
"['min', '25%', '75%', 'slope', 'skew']",409.764,0.4838,0.8327,0.7228
"['min', '25%', '75%', 'kurt', 'skew']",433.7652,0.5249,0.8259,0.7022
"['min', '25%', 'max', 'slope', 'kurt']",439.219,0.4152,0.5759,0.6417
"['min', '25%', 'max', 'slope', 'skew']",497.1008,0.4472,0.8287,0.7044
"['min', '25%', 'max', 'kurt', 'skew']",521.411,0.4857,0.8376,0.7246
"['min', '25%', 'slope', 'kurt', 'skew']",410.945,0.5459,0.7908,0.6561
"['min', '50%', '75%', 'max', 'slope']",416.729,0.4141,0.5454,0.6477
"['min', '50%', '75%', 'max', 'kurt']",455.6406,0.4105,0.6072,0.6776
"['min', '50%', '75%', 'max', 'skew']",512.1953,0.4088,0.6072,0.5968
"['min', '50%', '75%', 'slope', 'kurt']",408.8055,0.3731,0.5068,0.6299
"['min', '50%', '75%', 'slope', 'skew']",436.3952,0.4632,0.8327,0.7228
"['min', '50%', '75%', 'kurt', 'skew']",460.9542,0.5022,0.8125,0.6877
"['min', '50%', 'max', 'slope', 'kurt']",465.6786,0.3962,0.5636,0.638
"['min', '50%', 'max', 'slope', 'skew']",524.6783,0.4148,0.7534,0.6438
"['min', '50%', 'max', 'kurt', 'skew']",550.5897,0.4634,0.816,0.6889
"['min', '50%', 'slope', 'kurt', 'skew']",439.1664,0.525,0.8039,0.6692
"['min', '75%', 'max', 'slope', 'kurt']",506.5379,0.3958,0.5994,0.6609
"['min', '75%', 'max', 'slope', 'skew']",572.7338,0.3624,0.6106,0.6461
"['min', '75%', 'max', 'kurt', 'skew']",610.3429,0.3566,0.6274,0.6903
"['min', '75%', 'slope', 'kurt', 'skew']",514.1623,0.4719,0.8167,0.6895
"['min', 'max', 'slope', 'kurt', 'skew']",595.3769,0.4263,0.803,0.6748
"['25%', '50%', '75%', 'max', 'slope']",429.1117,0.3944,0.5137,0.6319
"['25%', '50%', '75%', 'max', 'kurt']",467.0436,0.3625,0.5108,0.6311
"['25%', '50%', '75%', 'max', 'skew']",524.7937,0.3882,0.5606,0.5164
"['25%', '50%', '75%', 'slope', 'kurt']",411.8051,0.3668,0.538,0.625
"['25%', '50%', '75%', 'slope', 'skew']",441.6842,0.429,0.7003,0.6032
"['25%', '50%', '75%', 'kurt', 'skew']",462.4681,0.4869,0.7713,0.637
"['25%', '50%', 'max', 'slope', 'kurt']",475.5672,0.3831,0.5269,0.6001
"['25%', '50%', 'max', 'slope', 'skew']",526.3527,0.4069,0.7261,0.6024
"['25%', '50%', 'max', 'kurt', 'skew']",554.0259,0.4453,0.7757,0.6356
"['25%', '50%', 'slope', 'kurt', 'skew']",441.2613,0.51,0.7525,0.6223
"['25%', '75%', 'max', 'slope', 'kurt']",522.0518,0.361,0.5418,0.6318
"['25%', '75%', 'max', 'slope', 'skew']",586.4992,0.3494,0.5126,0.4822
"['25%', '75%', 'max', 'kurt', 'skew']",612.634,0.374,0.5578,0.4996
"['25%', '75%', 'slope', 'kurt', 'skew']",517.9878,0.4548,0.7776,0.6444
"['25%', 'max', 'slope', 'kurt', 'skew']",600.1296,0.4133,0.7649,0.6391
"['50%', '75%', 'max', 'slope', 'kurt']",544.3097,0.333,0.4655,0.5666
"['50%', '75%', 'max', 'slope', 'skew']",594.4956,0.3343,0.4822,0.4517
"['50%', '75%', 'max', 'kurt', 'skew']",615.7964,0.3523,0.4008,0.4194
"['50%', '75%', 'slope', 'kurt', 'skew']",543.8314,0.425,0.7506,0.613
"['50%', 'max', 'slope', 'kurt', 'skew']",621.1714,0.3755,0.6318,0.4952
"['75%', 'max', 'slope', 'kurt', 'skew']",666.6878,0.3117,0.3659,0.3665
"['mean', 'std', 'min', '25%', '50%', '75%']",231.7674,0.4737,0.5428,0.6918
"['mean', 'std', 'min', '25%', '50%', 'max']",296.1115,0.489,0.5742,0.7012
"['mean', 'std', 'min', '25%', '50%', 'slope']",212.9385,0.4899,0.575,0.6854
"['mean', 'std', 'min', '25%', '50%', 'kurt']",258.5483,0.485,0.5291,0.6637
"['mean', 'std', 'min', '25%', '50%', 'skew']",288.5424,0.5924,0.8295,0.7286
"['mean', 'std', 'min', '25%', '75%', 'max']",341.4168,0.474,0.5902,0.7062
"['mean', 'std', 'min', '25%', '75%', 'slope']",296.9908,0.4409,0.5288,0.6723
"['mean', 'std', 'min', '25%', '75%', 'kurt']",335.8317,0.4346,0.5301,0.6882
"['mean', 'std', 'min', '25%', '75%', 'skew']",359.3089,0.5424,0.8282,0.7186
"['mean', 'std', 'min', '25%', 'max', 'slope']",357.6348,0.4606,0.5897,0.6673
"['mean', 'std', 'min', '25%', 'max', 'kurt']",393.2114,0.4614,0.586,0.7049
"['mean', 'std', 'min', '25%', 'max', 'skew']",453.1488,0.5159,0.8643,0.7688
"['mean', 'std', 'min', '25%', 'slope', 'kurt']",320.2855,0.6479,0.918,0.8567
"['mean', 'std', 'min', '25%', 'slope', 'skew']",344.1691,0.5639,0.8342,0.7243
"['mean', 'std', 'min', '25%', 'kurt', 'skew']",369.4836,0.6041,0.8413,0.7241
"['mean', 'std', 'min', '50%', '75%', 'max']",364.7546,0.4432,0.5375,0.6903
"['mean', 'std', 'min', '50%', '75%', 'slope']",314.6223,0.4423,0.5651,0.6609
"['mean', 'std', 'min', '50%', '75%', 'kurt']",356.2852,0.4146,0.5428,0.6766
"['mean', 'std', 'min', '50%', '75%', 'skew']",385.7521,0.5269,0.8282,0.7186
"['mean', 'std', 'min', '50%', 'max', 'slope']",380.9997,0.448,0.5733,0.6622
"['mean', 'std', 'min', '50%', 'max', 'kurt']",417.0008,0.4424,0.5705,0.7001
"['mean', 'std', 'min', '50%', 'max', 'skew']",480.2509,0.4896,0.8282,0.7186
"['mean', 'std', 'min', '50%', 'slope', 'kurt']",338.9649,0.4144,0.545,0.6767
"['mean', 'std', 'min', '50%', 'slope', 'skew']",372.6899,0.5441,0.8204,0.7076
"['mean', 'std', 'min', '50%', 'kurt', 'skew']",398.6653,0.5821,0.8276,0.7077
"['mean', 'std', 'min', '75%', 'max', 'slope']",422.1575,0.445,0.5896,0.6772
"['mean', 'std', 'min', '75%', 'max', 'kurt']",461.4475,0.4301,0.5913,0.6916
"['mean', 'std', 'min', '75%', 'max', 'skew']",529.5368,0.3911,0.6035,0.6819
"['mean', 'std', 'min', '75%', 'slope', 'kurt']",414.4154,0.3958,0.5182,0.6481
"['mean', 'std', 'min', '75%', 'slope', 'skew']",444.9173,0.5011,0.8342,0.7243
"['mean', 'std', 'min', '75%', 'kurt', 'skew']",470.6188,0.5351,0.8413,0.7241
"['mean', 'std', 'min', 'max', 'slope', 'kurt']",472.8551,0.4186,0.5853,0.666
"['mean', 'std', 'min', 'max', 'slope', 'skew']",534.4573,0.4664,0.8319,0.7077
"['mean', 'std', 'min', 'max', 'kurt', 'skew']",556.9075,0.5057,0.851,0.7433
"['mean', 'std', 'min', 'slope', 'kurt', 'skew']",448.5476,0.5573,0.8305,0.6996
"['mean', 'std', '25%', '50%', '75%', 'max']",377.5737,0.4322,0.5088,0.6458
"['mean', 'std', '25%', '50%', '75%', 'slope']",318.0864,0.4362,0.5345,0.637
"['mean', 'std', '25%', '50%', '75%', 'kurt']",363.8123,0.4039,0.5172,0.633
"['mean', 'std', '25%', '50%', '75%', 'skew']",395.8989,0.5082,0.7856,0.6758
"['mean', 'std', '25%', '50%', 'max', 'slope']",396.7611,0.4363,0.5577,0.6588
"['mean', 'std', '25%', '50%', 'max', 'kurt']",432.1919,0.4328,0.5705,0.7001
"['mean', 'std', '25%', '50%', 'max', 'skew']",491.4919,0.4773,0.8128,0.7022
"['mean', 'std', '25%', '50%', 'slope', 'kurt']",345.2192,0.4273,0.538,0.625
"['mean', 'std', '25%', '50%', 'slope', 'skew']",381.579,0.5364,0.8188,0.7061
"['mean', 'std', '25%', '50%', 'kurt', 'skew']",406.9541,0.5754,0.8253,0.7016
"['mean', 'std', '25%', '75%', 'max', 'slope']",438.4701,0.4173,0.5343,0.6529
"['mean', 'std', '25%', '75%', 'max', 'kurt']",478.3689,0.4181,0.5946,0.7076
"['mean', 'std', '25%', '75%', 'max', 'skew']",548.0269,0.3735,0.5804,0.6817
"['mean', 'std', '25%', '75%', 'slope', 'kurt']",426.0792,0.389,0.5061,0.6297
"['mean', 'std', '25%', '75%', 'slope', 'skew']",456.2122,0.4896,0.8188,0.7061
"['mean', 'std', '25%', '75%', 'kurt', 'skew']",479.6537,0.5276,0.8248,0.7024
"['mean', 'std', '25%', 'max', 'slope', 'kurt']",488.3125,0.411,0.5803,0.6431
"['mean', 'std', '25%', 'max', 'slope', 'skew']",544.7137,0.4584,0.8154,0.6885
"['mean', 'std', '25%', 'max', 'kurt', 'skew']",568.8802,0.4906,0.8244,0.7087
"['mean', 'std', '25%', 'slope', 'kurt', 'skew']",457.9217,0.5434,0.8039,0.6692
"['mean', 'std', '50%', '75%', 'max', 'slope']",461.1062,0.4068,0.5246,0.6501
"['mean', 'std', '50%', '75%', 'max', 'kurt']",500.4037,0.3806,0.5109,0.6464
"['mean', 'std', '50%', '75%', 'max', 'skew']",571.0334,0.3682,0.5944,0.6577
"['mean', 'std', '50%', '75%', 'slope', 'kurt']",443.7297,0.382,0.5515,0.6417
"['mean', 'std', '50%', '75%', 'slope', 'skew']",483.8275,0.48,0.8302,0.7001
"['mean', 'std', '50%', '75%', 'kurt', 'skew']",507.045,0.5066,0.8125,0.6877
"['mean', 'std', '50%', 'max', 'slope', 'kurt']",512.6589,0.3898,0.5478,0.6407
"['mean', 'std', '50%', 'max', 'slope', 'skew']",572.3171,0.4408,0.8024,0.6743
"['mean', 'std', '50%', 'max', 'kurt', 'skew']",596.6368,0.4733,0.8244,0.7087
"['mean', 'std', '50%', 'slope', 'kurt', 'skew']",485.7086,0.5284,0.8171,0.6835
"['mean', 'std', '75%', 'max', 'slope', 'kurt']",555.8668,0.3833,0.5465,0.6277
"['mean', 'std', '75%', 'max', 'slope', 'skew']",626.4536,0.3393,0.5562,0.6454
"['mean', 'std', '75%', 'max', 'kurt', 'skew']",665.5754,0.3497,0.6072,0.6776
"['mean', 'std', '75%', 'slope', 'kurt', 'skew']",559.633,0.4836,0.8166,0.6837
"['mean', 'std', 'max', 'slope', 'kurt', 'skew']",643.8378,0.4474,0.816,0.6889
"['mean', 'min', '25%', '50%', '75%', 'max']",362.9131,0.4381,0.5088,0.6458
"['mean', 'min', '25%', '50%', '75%', 'slope']",304.1048,0.4506,0.5478,0.6407
"['mean', 'min', '25%', '50%', '75%', 'kurt']",348.2402,0.4153,0.5172,0.633
"['mean', 'min', '25%', '50%', '75%', 'skew']",379.844,0.5177,0.7873,0.6775
"['mean', 'min', '25%', '50%', 'max', 'slope']",383.3277,0.439,0.5678,0.6842
"['mean', 'min', '25%', '50%', 'max', 'kurt']",417.9363,0.4415,0.5742,0.7012
"['mean', 'min', '25%', '50%', 'max', 'skew']",476.1192,0.487,0.8144,0.7037
"['mean', 'min', '25%', '50%', 'slope', 'kurt']",334.179,0.4438,0.5678,0.6465
"['mean', 'min', '25%', '50%', 'slope', 'skew']",367.877,0.5465,0.8188,0.7061
"['mean', 'min', '25%', '50%', 'kurt', 'skew']",393.3558,0.5868,0.8259,0.7022
"['mean', 'min', '25%', '75%', 'max', 'slope']",425.1115,0.4222,0.5343,0.6529
"['mean', 'min', '25%', '75%', 'max', 'kurt']",464.2102,0.4088,0.5471,0.6931
"['mean', 'min', '25%', '75%', 'max', 'skew']",534.473,0.3636,0.5521,0.6946
"['mean', 'min', '25%', '75%', 'slope', 'kurt']",413.2395,0.3924,0.5054,0.6295
"['mean', 'min', '25%', '75%', 'slope', 'skew']",441.0744,0.5,0.8327,0.7228
"['mean', 'min', '25%', '75%', 'kurt', 'skew']",466.3114,0.5341,0.8242,0.6912
"['mean', 'min', '25%', 'max', 'slope', 'kurt']",477.455,0.4137,0.5593,0.644
"['mean', 'min', '25%', 'max', 'slope', 'skew']",548.9137,0.3722,0.5853,0.666
"['mean', 'min', '25%', 'max', 'kurt', 'skew']",555.6148,0.5003,0.8244,0.7087
"['mean', 'min', '25%', 'slope', 'kurt', 'skew']",444.8331,0.5566,0.8171,0.6835
"['mean', 'min', '50%', '75%', 'max', 'slope']",447.41,0.4114,0.5246,0.6501
"['mean', 'min', '50%', '75%', 'max', 'kurt']",485.8882,0.3857,0.5109,0.6464
"['mean', 'min', '50%', '75%', 'max', 'skew']",556.7363,0.3401,0.5211,0.6643
"['mean', 'min', '50%', '75%', 'slope', 'kurt']",429.7656,0.3857,0.5376,0.6378
"['mean', 'min', '50%', '75%', 'slope', 'skew']",467.7057,0.4834,0.8327,0.7228
"['mean', 'min', '50%', '75%', 'kurt', 'skew']",492.5978,0.5145,0.8115,0.6759
"['mean', 'min', '50%', 'max', 'slope', 'kurt']",500.9003,0.3996,0.5587,0.6444
"['mean', 'min', '50%', 'max', 'slope', 'skew']",559.6833,0.4511,0.8154,0.6885
"['mean', 'min', '50%', 'max', 'kurt', 'skew']",583.3713,0.4832,0.8244,0.7087
"['mean', 'min', '50%', 'slope', 'kurt', 'skew']",472.3039,0.5397,0.8171,0.6835
"['mean', 'min', '75%', 'max', 'slope', 'kurt']",543.0422,0.3874,0.5587,0.6518
"['mean', 'min', '75%', 'max', 'slope', 'skew']",614.003,0.3451,0.5562,0.6454
"['mean', 'min', '75%', 'max', 'kurt', 'skew']",653.6417,0.4422,0.8228,0.6979
"['mean', 'min', '75%', 'slope', 'kurt', 'skew']",546.2574,0.4928,0.8166,0.6837
"['mean', 'min', 'max', 'slope', 'kurt', 'skew']",632.0669,0.4588,0.8291,0.7048
"['mean', '25%', '50%', '75%', 'max', 'slope']",455.8155,0.4028,0.5085,0.6304
"['mean', '25%', '50%', '75%', 'max', 'kurt']",491.6287,0.3785,0.5085,0.6304
"['mean', '25%', '50%', '75%', 'max', 'skew']",563.2836,0.3306,0.5088,0.6458
"['mean', '25%', '50%', '75%', 'slope', 'kurt']",431.9647,0.389,0.5478,0.6407
"['mean', '25%', '50%', '75%', 'slope', 'skew']",475.5393,0.476,0.7887,0.6422
"['mean', '25%', '50%', '75%', 'kurt', 'skew']",495.0659,0.503,0.7713,0.637
"['mean', '25%', '50%', 'max', 'slope', 'kurt']",508.4119,0.3893,0.538,0.625
"['mean', '25%', '50%', 'max', 'slope', 'skew']",563.9307,0.4215,0.6903,0.5968
"['mean', '25%', '50%', 'max', 'kurt', 'skew']",586.5854,0.4699,0.7967,0.668
"['mean', '25%', '50%', 'slope', 'kurt', 'skew']",477.708,0.5281,0.7904,0.6564
"['mean', '25%', '75%', 'max', 'slope', 'kurt']",552.2114,0.3679,0.5109,0.6185
"['mean', '25%', '75%', 'max', 'slope', 'skew']",627.113,0.3229,0.5237,0.6348
"['mean', '25%', '75%', 'max', 'kurt', 'skew']",656.233,0.4258,0.7694,0.6359
"['mean', '25%', '75%', 'slope', 'kurt', 'skew']",551.8464,0.4788,0.7891,0.6432
"['mean', '25%', 'max', 'slope', 'kurt', 'skew']",637.6312,0.4447,0.7901,0.6619
"['mean', '50%', '75%', 'max', 'slope', 'kurt']",574.5748,0.3544,0.5013,0.6157
"['mean', '50%', '75%', 'max', 'slope', 'skew']",648.7423,0.3085,0.5013,0.6157
"['mean', '50%', '75%', 'max', 'kurt', 'skew']",678.6492,0.4059,0.7411,0.6041
"['mean', '50%', '75%', 'slope', 'kurt', 'skew']",576.9499,0.4619,0.7885,0.6484
"['mean', '50%', 'max', 'slope', 'kurt', 'skew']",663.5456,0.4238,0.7631,0.6239
"['mean', '75%', 'max', 'slope', 'kurt', 'skew']",736.8059,0.3837,0.7885,0.6484
"['std', 'min', '25%', '50%', '75%', 'max']",370.6524,0.4559,0.5819,0.7036
"['std', 'min', '25%', '50%', '75%', 'slope']",322.4565,0.4299,0.5509,0.6568
"['std', 'min', '25%', '50%', '75%', 'kurt']",364.6089,0.4053,0.543,0.6681
"['std', 'min', '25%', '50%', '75%', 'skew']",390.3443,0.5233,0.8282,0.7186
"['std', 'min', '25%', '50%', 'max', 'slope']",385.6679,0.4442,0.5733,0.6622
"['std', 'min', '25%', '50%', 'max', 'kurt']",421.9568,0.4373,0.5705,0.7001
"['std', 'min', '25%', '50%', 'max', 'skew']",484.1799,0.4918,0.8549,0.7532
"['std', 'min', '25%', '50%', 'slope', 'kurt']",342.8612,0.4125,0.5497,0.678
"['std', 'min', '25%', '50%', 'slope', 'skew']",374.9472,0.5424,0.8204,0.7076
"['std', 'min', '25%', '50%', 'kurt', 'skew']",400.7205,0.5818,0.8413,0.7241
"['std', 'min', '25%', '75%', 'max', 'slope']",427.081,0.4448,0.5972,0.6852
"['std', 'min', '25%', '75%', 'max', 'kurt']",466.8568,0.4276,0.5941,0.6787
"['std', 'min', '25%', '75%', 'max', 'skew']",535.3699,0.3827,0.5927,0.6837
"['std', 'min', '25%', '75%', 'slope', 'kurt']",420.1986,0.3917,0.5289,0.6724
"['std', 'min', '25%', '75%', 'slope', 'skew']",448.8665,0.4983,0.8327,0.7228
"['std', 'min', '25%', '75%', 'kurt', 'skew']",474.106,0.5317,0.8276,0.7077
"['std', 'min', '25%', 'max', 'slope', 'kurt']",475.5742,0.4162,0.5848,0.6445
"['std', 'min', '25%', 'max', 'slope', 'skew']",534.1434,0.4724,0.8421,0.7231
"['std', 'min', '25%', 'max', 'kurt', 'skew']",557.9383,0.5034,0.851,0.7433
"['std', 'min', '25%', 'slope', 'kurt', 'skew']",449.5651,0.5581,0.8441,0.7184
"['std', 'min', '50%', '75%', 'max', 'slope']",452.4427,0.4287,0.5772,0.6731
"['std', 'min', '50%', '75%', 'max', 'kurt']",490.6162,0.4193,0.6103,0.6806
"['std', 'min', '50%', '75%', 'max', 'skew']",559.3624,0.3739,0.5941,0.6787
"['std', 'min', '50%', '75%', 'slope', 'kurt']",446.0761,0.381,0.5176,0.648
"['std', 'min', '50%', '75%', 'slope', 'skew']",475.4978,0.4827,0.8327,0.7228
"['std', 'min', '50%', '75%', 'kurt', 'skew']",501.8834,0.5151,0.8413,0.7241
"['std', 'min', '50%', 'max', 'slope', 'kurt']",501.3148,0.4033,0.5772,0.6634
"['std', 'min', '50%', 'max', 'slope', 'skew']",564.8101,0.4538,0.8421,0.7231
"['std', 'min', '50%', 'max', 'kurt', 'skew']",589.2126,0.4839,0.851,0.7433
"['std', 'min', '50%', 'slope', 'kurt', 'skew']",479.7039,0.5369,0.8305,0.6996
"['std', 'min', '75%', 'max', 'slope', 'kurt']",542.8027,0.4019,0.5957,0.6643
"['std', 'min', '75%', 'max', 'slope', 'skew']",610.6826,0.362,0.5975,0.6618
"['std', 'min', '75%', 'max', 'kurt', 'skew']",648.5347,0.3739,0.6303,0.6881
"['std', 'min', '75%', 'slope', 'kurt', 'skew']",554.1787,0.4925,0.8299,0.6997
"['std', 'min', 'max', 'slope', 'kurt', 'skew']",632.9316,0.4618,0.8341,0.7109
"['std', '25%', '50%', '75%', 'max', 'slope']",468.5653,0.4122,0.5477,0.6568
"['std', '25%', '50%', '75%', 'max', 'kurt']",507.3879,0.3977,0.5789,0.6876
"['std', '25%', '50%', '75%', 'max', 'skew']",576.66,0.4111,0.6285,0.6136
"['std', '25%', '50%', '75%', 'slope', 'kurt']",451.3016,0.3736,0.5478,0.6407
"['std', '25%', '50%', '75%', 'slope', 'skew']",486.3939,0.4728,0.8192,0.6979
"['std', '25%', '50%', '75%', 'kurt', 'skew']",509.7618,0.5039,0.8125,0.6877
"['std', '25%', '50%', 'max', 'slope', 'kurt']",516.6968,0.3988,0.5716,0.6404
"['std', '25%', '50%', 'max', 'slope', 'skew']",574.079,0.4397,0.8024,0.6743
"['std', '25%', '50%', 'max', 'kurt', 'skew']",599.1476,0.4712,0.816,0.6889
"['std', '25%', '50%', 'slope', 'kurt', 'skew']",487.3541,0.5238,0.8039,0.6692
"['std', '25%', '75%', 'max', 'slope', 'kurt']",560.2974,0.3906,0.5803,0.6431
"['std', '25%', '75%', 'max', 'slope', 'skew']",631.6909,0.3528,0.5975,0.6618
"['std', '25%', '75%', 'max', 'kurt', 'skew']",670.9246,0.4322,0.8244,0.7087
"['std', '25%', '75%', 'slope', 'kurt', 'skew']",562.0181,0.4813,0.8166,0.6837
"['std', '25%', 'max', 'slope', 'kurt', 'skew']",644.7896,0.442,0.7901,0.6619
"['std', '50%', '75%', 'max', 'slope', 'kurt']",585.109,0.3609,0.5268,0.6273
"['std', '50%', '75%', 'max', 'slope', 'skew']",654.8754,0.3735,0.6113,0.5949
"['std', '50%', '75%', 'max', 'kurt', 'skew']",694.0355,0.3319,0.6023,0.6759
"['std', '50%', '75%', 'slope', 'kurt', 'skew']",589.2293,0.4618,0.8034,0.6694
"['std', '50%', 'max', 'slope', 'kurt', 'skew']",673.4789,0.4238,0.7774,0.6501
"['std', '75%', 'max', 'slope', 'kurt', 'skew']",741.6685,0.3309,0.6375,0.6701
"['min', '25%', '50%', '75%', 'max', 'slope']",455.007,0.4072,0.5246,0.6501
"['min', '25%', '50%', '75%', 'max', 'kurt']",493.0059,0.3841,0.5222,0.6646
"['min', '25%', '50%', '75%', 'max', 'skew']",562.9696,0.3417,0.5428,0.6918
"['min', '25%', '50%', '75%', 'slope', 'kurt']",437.1389,0.3841,0.5515,0.6417
"['min', '25%', '50%', '75%', 'slope', 'skew']",471.6468,0.4815,0.8327,0.7228
"['min', '25%', '50%', '75%', 'kurt', 'skew']",496.1832,0.5129,0.8125,0.6877
"['min', '25%', '50%', 'max', 'slope', 'kurt']",505.2053,0.3988,0.5702,0.6478
"['min', '25%', '50%', 'max', 'slope', 'skew']",561.6649,0.4445,0.8067,0.6927
"['min', '25%', '50%', 'max', 'kurt', 'skew']",586.0129,0.4796,0.8244,0.7087
"['min', '25%', '50%', 'slope', 'kurt', 'skew']",474.6064,0.5368,0.8171,0.6835
"['min', '25%', '75%', 'max', 'slope', 'kurt']",549.7809,0.3905,0.5716,0.6503
"['min', '25%', '75%', 'max', 'slope', 'skew']",619.5271,0.3541,0.5929,0.6726
"['min', '25%', '75%', 'max', 'kurt', 'skew']",656.9535,0.4396,0.8097,0.6821
"['min', '25%', '75%', 'slope', 'kurt', 'skew']",548.7007,0.4899,0.8171,0.6835
"['min', '25%', 'max', 'slope', 'kurt', 'skew']",634.3278,0.4537,0.816,0.6889
"['min', '50%', '75%', 'max', 'slope', 'kurt']",572.6458,0.3707,0.5485,0.6487
"['min', '50%', '75%', 'max', 'slope', 'skew']",643.6833,0.3393,0.5929,0.6726
"['min', '50%', '75%', 'max', 'kurt', 'skew']",683.1999,0.3288,0.5812,0.6744
"['min', '50%', '75%', 'slope', 'kurt', 'skew']",575.9856,0.4702,0.8039,0.6692
"['min', '50%', 'max', 'slope', 'kurt', 'skew']",662.3261,0.4358,0.803,0.6748
"['min', '75%', 'max', 'slope', 'kurt', 'skew']",733.6241,0.3319,0.6302,0.6809
"['25%', '50%', '75%', 'max', 'slope', 'kurt']",579.8864,0.3517,0.5013,0.6157
"['25%', '50%', '75%', 'max', 'slope', 'skew']",655.9206,0.3063,0.5137,0.6319
"['25%', '50%', '75%', 'max', 'kurt', 'skew']",685.2187,0.3995,0.7214,0.6061
"['25%', '50%', '75%', 'slope', 'kurt', 'skew']",580.227,0.4586,0.7891,0.6432
"['25%', '50%', 'max', 'slope', 'kurt', 'skew']",664.4549,0.4227,0.7649,0.6391
"['25%', '75%', 'max', 'slope', 'kurt', 'skew']",738.9435,0.3803,0.7631,0.6239
"['50%', '75%', 'max', 'slope', 'kurt', 'skew']",754.9651,0.3466,0.6255,0.5035
"['mean', 'std', 'min', '25%', '50%', '75%', 'max']",398.0161,0.4439,0.5409,0.6913
"['mean', 'std', 'min', '25%', '50%', '75%', 'slope']",342.2053,0.4353,0.5288,0.6355
"['mean', 'std', 'min', '25%', '50%', '75%', 'kurt']",387.2893,0.4148,0.5408,0.676
"['mean', 'std', 'min', '25%', '50%', '75%', 'skew']",420.1005,0.5282,0.8156,0.7136
"['mean', 'std', 'min', '25%', '50%', 'max', 'slope']",418.3863,0.4395,0.5713,0.6843
"['mean', 'std', 'min', '25%', '50%', 'max', 'kurt']",452.2682,0.4393,0.5742,0.7012
"['mean', 'std', 'min', '25%', '50%', 'max', 'skew']",515.1049,0.498,0.8282,0.7186
"['mean', 'std', 'min', '25%', '50%', 'slope', 'kurt']",365.7327,0.4353,0.5829,0.6878
"['mean', 'std', 'min', '25%', '50%', 'slope', 'skew']",407.5026,0.5491,0.8204,0.7076
"['mean', 'std', 'min', '25%', '50%', 'kurt', 'skew']",433.2243,0.5807,0.8276,0.7077
"['mean', 'std', 'min', '25%', '75%', 'max', 'slope']",461.0047,0.423,0.545,0.6773
"['mean', 'std', 'min', '25%', '75%', 'max', 'kurt']",498.481,0.4278,0.5946,0.7076
"['mean', 'std', 'min', '25%', '75%', 'max', 'skew']",568.3171,0.386,0.5946,0.7076
"['mean', 'std', 'min', '25%', '75%', 'slope', 'kurt']",451.8578,0.3917,0.5176,0.648
"['mean', 'std', 'min', '25%', '75%', 'slope', 'skew']",480.092,0.5101,0.8342,0.7243
"['mean', 'std', 'min', '25%', '75%', 'kurt', 'skew']",505.5377,0.5387,0.8413,0.7241
"['mean', 'std', 'min', '25%', 'max', 'slope', 'kurt']",512.7592,0.4189,0.5941,0.6688
"['mean', 'std', 'min', '25%', 'max', 'slope', 'skew']",571.7058,0.4773,0.8319,0.7077
"['mean', 'std', 'min', '25%', 'max', 'kurt', 'skew']",594.2114,0.5128,0.851,0.7433
"['mean', 'std', 'min', '25%', 'slope', 'kurt', 'skew']",486.0876,0.5584,0.8305,0.6996
"['mean', 'std', 'min', '50%', '75%', 'max', 'slope']",485.1492,0.4119,0.5246,0.6501
"['mean', 'std', 'min', '50%', '75%', 'max', 'kurt']",521.3036,0.3967,0.5375,0.6903
"['mean', 'std', 'min', '50%', '75%', 'max', 'skew']",590.7946,0.3553,0.5375,0.6903
"['mean', 'std', 'min', '50%', '75%', 'slope', 'kurt']",468.4647,0.3876,0.5577,0.6588
"['mean', 'std', 'min', '50%', '75%', 'slope', 'skew']",506.7592,0.4966,0.8342,0.7243
"['mean', 'std', 'min', '50%', '75%', 'kurt', 'skew']",532.5818,0.5246,0.8413,0.7241
"['mean', 'std', 'min', '50%', 'max', 'slope', 'kurt']",536.4898,0.4016,0.5722,0.6699
"['mean', 'std', 'min', '50%', 'max', 'slope', 'skew']",599.002,0.4633,0.8204,0.7076
"['mean', 'std', 'min', '50%', 'max', 'kurt', 'skew']",624.7729,0.4942,0.8244,0.7087
"['mean', 'std', 'min', '50%', 'slope', 'kurt', 'skew']",513.7831,0.5424,0.8171,0.6835
"['mean', 'std', 'min', '75%', 'max', 'slope', 'kurt']",578.9799,0.4024,0.5896,0.6772
"['mean', 'std', 'min', '75%', 'max', 'slope', 'skew']",649.1438,0.3641,0.5896,0.6772
"['mean', 'std', 'min', '75%', 'max', 'kurt', 'skew']",688.3805,0.36,0.5913,0.6916
"['mean', 'std', 'min', '75%', 'slope', 'kurt', 'skew']",588.0028,0.5039,0.8166,0.6837
"['mean', 'std', 'min', 'max', 'slope', 'kurt', 'skew']",670.0646,0.4775,0.8425,0.7234
"['mean', 'std', '25%', '50%', '75%', 'max', 'slope']",496.9111,0.4052,0.5197,0.6486
"['mean', 'std', '25%', '50%', '75%', 'max', 'kurt']",532.4092,0.3853,0.5088,0.6458
"['mean', 'std', '25%', '50%', '75%', 'max', 'skew']",603.9933,0.342,0.5109,0.6464
"['mean', 'std', '25%', '50%', '75%', 'slope', 'kurt']",470.2018,0.3836,0.5316,0.6362
"['mean', 'std', '25%', '50%', '75%', 'slope', 'skew']",518.6917,0.4883,0.833,0.7145
"['mean', 'std', '25%', '50%', '75%', 'kurt', 'skew']",542.2741,0.5137,0.8125,0.6877
"['mean', 'std', '25%', '50%', 'max', 'slope', 'kurt']",549.0294,0.3927,0.5478,0.6407
"['mean', 'std', '25%', '50%', 'max', 'slope', 'skew']",608.1633,0.4595,0.8154,0.6885
"['mean', 'std', '25%', '50%', 'max', 'kurt', 'skew']",631.5075,0.4855,0.8244,0.7087
"['mean', 'std', '25%', '50%', 'slope', 'kurt', 'skew']",521.026,0.5354,0.8171,0.6835
"['mean', 'std', '25%', '75%', 'max', 'slope', 'kurt']",592.7259,0.3757,0.5214,0.6342
"['mean', 'std', '25%', '75%', 'max', 'slope', 'skew']",665.3345,0.3364,0.5343,0.6529
"['mean', 'std', '25%', '75%', 'max', 'kurt', 'skew']",702.4454,0.4506,0.8097,0.6821
"['mean', 'std', '25%', '75%', 'slope', 'kurt', 'skew']",595.1204,0.495,0.8171,0.6835
"['mean', 'std', '25%', 'max', 'slope', 'kurt', 'skew']",700.9735,0.4738,0.8252,0.7214
"['mean', 'std', '50%', '75%', 'max', 'slope', 'kurt']",616.264,0.3751,0.5477,0.6568
"['mean', 'std', '50%', '75%', 'max', 'slope', 'skew']",688.054,0.3264,0.5246,0.6501
"['mean', 'std', '50%', '75%', 'max', 'kurt', 'skew']",726.8676,0.3091,0.5098,0.6461
"['mean', 'std', '50%', '75%', 'slope', 'kurt', 'skew']",622.5124,0.4789,0.8034,0.6694
"['mean', 'std', '50%', 'max', 'slope', 'kurt', 'skew']",708.5964,0.4507,0.816,0.6889
"['mean', 'std', '75%', 'max', 'slope', 'kurt', 'skew']",781.6789,0.417,0.816,0.6889
"['mean', 'min', '25%', '50%', '75%', 'max', 'slope']",482.7784,0.4083,0.528,0.651
"['mean', 'min', '25%', '50%', '75%', 'max', 'kurt']",517.7486,0.3911,0.5088,0.6458
"['mean', 'min', '25%', '50%', '75%', 'max', 'skew']",589.154,0.3481,0.5088,0.6458
"['mean', 'min', '25%', '50%', '75%', 'slope', 'kurt']",456.5965,0.3948,0.5408,0.6387
"['mean', 'min', '25%', '50%', '75%', 'slope', 'skew']",503.0287,0.4953,0.8342,0.7243
"['mean', 'min', '25%', '50%', '75%', 'kurt', 'skew']",527.6958,0.524,0.8242,0.6912
"['mean', 'min', '25%', '50%', 'max', 'slope', 'kurt']",537.3217,0.3985,0.5577,0.6588
"['mean', 'min', '25%', '50%', 'max', 'slope', 'skew']",594.1958,0.4635,0.8204,0.7076
"['mean', 'min', '25%', '50%', 'max', 'kurt', 'skew']",618.2421,0.4934,0.8244,0.7087
"['mean', 'min', '25%', '50%', 'slope', 'kurt', 'skew']",507.6213,0.5447,0.8171,0.6835
"['mean', 'min', '25%', '75%', 'max', 'slope', 'kurt']",579.8782,0.3805,0.5343,0.6529
"['mean', 'min', '25%', '75%', 'max', 'slope', 'skew']",651.9759,0.3406,0.5343,0.6529
"['mean', 'min', '25%', '75%', 'max', 'kurt', 'skew']",688.337,0.4582,0.8097,0.6821
"['mean', 'min', '25%', '75%', 'slope', 'kurt', 'skew']",581.7157,0.5027,0.8171,0.6835
"['mean', 'min', '25%', 'max', 'slope', 'kurt', 'skew']",668.3463,0.4734,0.816,0.6889
"['mean', 'min', '50%', '75%', 'max', 'slope', 'kurt']",602.1843,0.3703,0.5246,0.6501
"['mean', 'min', '50%', '75%', 'max', 'slope', 'skew']",674.8924,0.3402,0.5518,0.6497
"['mean', 'min', '50%', '75%', 'max', 'kurt', 'skew']",712.6166,0.3207,0.5391,0.6908
"['mean', 'min', '50%', '75%', 'slope', 'kurt', 'skew']",608.9905,0.4889,0.8166,0.6837
"['mean', 'min', '50%', 'max', 'slope', 'kurt', 'skew']",695.4876,0.4591,0.816,0.6889
"['mean', 'min', '75%', 'max', 'slope', 'kurt', 'skew']",768.5701,0.4244,0.816,0.6889
"['mean', '25%', '50%', '75%', 'max', 'slope', 'kurt']",608.217,0.3609,0.4974,0.6146
"['mean', '25%', '50%', '75%', 'max', 'slope', 'skew']",682.6088,0.3147,0.5095,0.6308
"['mean', '25%', '50%', '75%', 'max', 'kurt', 'skew']",716.5951,0.4267,0.7552,0.6191
"['mean', '25%', '50%', '75%', 'slope', 'kurt', 'skew']",612.6771,0.4786,0.7885,0.6484
"['mean', '25%', '50%', 'max', 'slope', 'kurt', 'skew']",700.2531,0.4443,0.7757,0.6356
"['mean', '25%', '75%', 'max', 'slope', 'kurt', 'skew']",772.5332,0.4115,0.7885,0.6484
"['mean', '50%', '75%', 'max', 'slope', 'kurt', 'skew']",797.4802,0.394,0.7742,0.629
"['std', 'min', '25%', '50%', '75%', 'max', 'slope']",491.3454,0.4255,0.576,0.6784
"['std', 'min', '25%', '50%', '75%', 'max', 'kurt']",527.6148,0.4095,0.5779,0.7024
"['std', 'min', '25%', '50%', '75%', 'max', 'skew']",597.3735,0.3684,0.5779,0.7024
"['std', 'min', '25%', '50%', '75%', 'slope', 'kurt']",475.8052,0.3751,0.5447,0.6551
"['std', 'min', '25%', '50%', '75%', 'slope', 'skew']",510.7306,0.4947,0.8342,0.7243
"['std', 'min', '25%', '50%', '75%', 'kurt', 'skew']",536.8023,0.5216,0.8413,0.7241
"['std', 'min', '25%', '50%', 'max', 'slope', 'kurt']",541.1604,0.3985,0.5686,0.6688
"['std', 'min', '25%', '50%', 'max', 'slope', 'skew']",601.2594,0.462,0.8204,0.7076
"['std', 'min', '25%', '50%', 'max', 'kurt', 'skew']",625.5236,0.4944,0.8376,0.7246
"['std', 'min', '25%', '50%', 'slope', 'kurt', 'skew']",516.0855,0.5403,0.8171,0.6835
"['std', 'min', '25%', '75%', 'max', 'slope', 'kurt']",584.3483,0.4021,0.5987,0.6802
"['std', 'min', '25%', '75%', 'max', 'slope', 'skew']",654.0557,0.3644,0.5972,0.6852
"['std', 'min', '25%', '75%', 'max', 'kurt', 'skew']",693.9404,0.3557,0.5913,0.6916
"['std', 'min', '25%', '75%', 'slope', 'kurt', 'skew']",590.1374,0.5004,0.8178,0.6849
"['std', 'min', '25%', 'max', 'slope', 'kurt', 'skew']",670.9446,0.4758,0.8425,0.7234
"['std', 'min', '50%', '75%', 'max', 'slope', 'kurt']",609.4196,0.3848,0.5896,0.6772
"['std', 'min', '50%', '75%', 'max', 'slope', 'skew']",679.4018,0.3487,0.5772,0.6731
"['std', 'min', '50%', '75%', 'max', 'kurt', 'skew']",717.3895,0.344,0.5853,0.6758
"['std', 'min', '50%', '75%', 'slope', 'kurt', 'skew']",619.0182,0.4906,0.8175,0.6902
"['std', 'min', '50%', 'max', 'slope', 'kurt', 'skew']",701.6001,0.46,0.8425,0.7234
"['std', 'min', '75%', 'max', 'slope', 'kurt', 'skew']",770.8192,0.3186,0.5594,0.6675
"['std', '25%', '50%', '75%', 'max', 'slope', 'kurt']",621.8863,0.3713,0.5345,0.6379
"['std', '25%', '50%', '75%', 'max', 'slope', 'skew']",695.6194,0.3245,0.528,0.651
"['std', '25%', '50%', '75%', 'max', 'kurt', 'skew']",733.0901,0.4329,0.8097,0.6821
"['std', '25%', '50%', '75%', 'slope', 'kurt', 'skew']",624.8937,0.4784,0.8171,0.6835
"['std', '25%', '50%', 'max', 'slope', 'kurt', 'skew']",710.4021,0.4466,0.803,0.6748
"['std', '25%', '75%', 'max', 'slope', 'kurt', 'skew']",784.1608,0.415,0.816,0.6889
"['std', '50%', '75%', 'max', 'slope', 'kurt', 'skew']",811.3022,0.3995,0.816,0.6889
"['min', '25%', '50%', '75%', 'max', 'slope', 'kurt']",610.0512,0.3741,0.5509,0.6578
"['min', '25%', '50%', '75%', 'max', 'slope', 'skew']",682.2367,0.3334,0.5392,0.6543
"['min', '25%', '50%', '75%', 'max', 'kurt', 'skew']",719.2543,0.4391,0.7967,0.668
"['min', '25%', '50%', '75%', 'slope', 'kurt', 'skew']",611.489,0.4863,0.8171,0.6835
"['min', '25%', '50%', 'max', 'slope', 'kurt', 'skew']",697.9696,0.4567,0.816,0.6889
"['min', '25%', '75%', 'max', 'slope', 'kurt', 'skew']",771.052,0.4227,0.816,0.6889
"['min', '50%', '75%', 'max', 'slope', 'kurt', 'skew']",800.0872,0.2965,0.5263,0.642
"['25%', '50%', '75%', 'max', 'slope', 'kurt', 'skew']",800.8001,0.3942,0.7885,0.6484
"['mean', 'std', 'min', '25%', '50%', '75%', 'max', 'slope']",519.3795,0.4094,0.545,0.6773
"['mean', 'std', 'min', '25%', '50%', '75%', 'max', 'kurt']",554.0687,0.4007,0.5409,0.6913
"['mean', 'std', 'min', '25%', '50%', '75%', 'max', 'skew']",623.5373,0.3607,0.5375,0.6903
"['mean', 'std', 'min', '25%', '50%', '75%', 'slope', 'kurt']",494.3112,0.3885,0.5288,0.6355
"['mean', 'std', 'min', '25%', '50%', '75%', 'slope', 'skew']",541.9339,0.5048,0.8342,0.7243
"['mean', 'std', 'min', '25%', '50%', '75%', 'kurt', 'skew']",567.5007,0.5286,0.8413,0.7241
"['mean', 'std', 'min', '25%', '50%', 'max', 'slope', 'kurt']",572.6349,0.3996,0.5713,0.6843
"['mean', 'std', 'min', '25%', '50%', 'max', 'slope', 'skew']",633.8148,0.4736,0.8204,0.7076
"['mean', 'std', 'min', '25%', '50%', 'max', 'kurt', 'skew']",659.6792,0.5009,0.8248,0.7024
"['mean', 'std', 'min', '25%', '50%', 'slope', 'kurt', 'skew']",549.1005,0.5453,0.8171,0.6835
"['mean', 'std', 'min', '25%', '75%', 'max', 'slope', 'kurt']",616.2662,0.3847,0.545,0.6773
"['mean', 'std', 'min', '25%', '75%', 'max', 'slope', 'skew']",687.9449,0.3487,0.545,0.6773
"['mean', 'std', 'min', '25%', '75%', 'max', 'kurt', 'skew']",725.3457,0.3625,0.5946,0.7076
"['mean', 'std', 'min', '25%', '75%', 'slope', 'kurt', 'skew']",623.1948,0.5095,0.8171,0.6835
"['mean', 'std', 'min', '25%', 'max', 'slope', 'kurt', 'skew']",707.9081,0.4869,0.8425,0.7234
"['mean', 'std', 'min', '50%', '75%', 'max', 'slope', 'kurt']",639.9235,0.3743,0.5246,0.6501
"['mean', 'std', 'min', '50%', '75%', 'max', 'slope', 'skew']",712.0847,0.3549,0.6035,0.6819
"['mean', 'std', 'min', '50%', '75%', 'max', 'kurt', 'skew']",746.9949,0.3326,0.5391,0.6908
"['mean', 'std', 'min', '50%', '75%', 'slope', 'kurt', 'skew']",651.8324,0.4888,0.8204,0.7076
"['mean', 'std', 'min', '50%', 'max', 'slope', 'kurt', 'skew']",737.1351,0.4724,0.8291,0.7048
"['mean', 'std', 'min', '75%', 'max', 'slope', 'kurt', 'skew']",805.922,0.3403,0.5853,0.6758
"['mean', 'std', '25%', '50%', '75%', 'max', 'slope', 'kurt']",650.265,0.3657,0.5085,0.6304
"['mean', 'std', '25%', '50%', '75%', 'max', 'slope', 'skew']",722.965,0.3258,0.528,0.651
"['mean', 'std', '25%', '50%', '75%', 'max', 'kurt', 'skew']",758.6501,0.3211,0.5088,0.6458
"['mean', 'std', '25%', '50%', '75%', 'slope', 'kurt', 'skew']",657.7311,0.4913,0.8166,0.6837
"['mean', 'std', '25%', '50%', 'max', 'slope', 'kurt', 'skew']",744.0455,0.4641,0.816,0.6889
"['mean', 'std', '25%', '75%', 'max', 'slope', 'kurt', 'skew']",817.128,0.4342,0.816,0.6889
"['mean', 'std', '50%', '75%', 'max', 'slope', 'kurt', 'skew']",843.7362,0.2964,0.5219,0.6493
"['mean', 'min', '25%', '50%', '75%', 'max', 'slope', 'kurt']",635.7326,0.3701,0.5085,0.6304
"['mean', 'min', '25%', '50%', '75%', 'max', 'slope', 'skew']",710.3179,0.3348,0.5122,0.6315
"['mean', 'min', '25%', '50%', '75%', 'max', 'kurt', 'skew']",744.0303,0.3288,0.519,0.6486
"['mean', 'min', '25%', '50%', '75%', 'slope', 'kurt', 'skew']",645.1994,0.4997,0.8167,0.6895
"['mean', 'min', '25%', '50%', 'max', 'slope', 'kurt', 'skew']",730.9368,0.4711,0.816,0.6889
"['mean', 'min', '25%', '75%', 'max', 'slope', 'kurt', 'skew']",803.997,0.4385,0.8014,0.6624
"['mean', 'min', '50%', '75%', 'max', 'slope', 'kurt', 'skew']",829.132,0.3097,0.5246,0.6501
"['mean', '25%', '50%', '75%', 'max', 'slope', 'kurt', 'skew']",833.242,0.4167,0.7885,0.6484
"['std', 'min', '25%', '50%', '75%', 'max', 'slope', 'kurt']",646.5558,0.3813,0.5581,0.6812
"['std', 'min', '25%', '50%', '75%', 'max', 'slope', 'skew']",718.2886,0.3501,0.5722,0.6772
"['std', 'min', '25%', '50%', '75%', 'max', 'kurt', 'skew']",753.6193,0.3295,0.5409,0.6913
"['std', 'min', '25%', '50%', '75%', 'slope', 'kurt', 'skew']",680.1543,0.5324,0.8837,0.7988
"['std', 'min', '25%', '50%', 'max', 'slope', 'kurt', 'skew']",740.2125,0.4696,0.816,0.6889
"['std', 'min', '25%', '75%', 'max', 'slope', 'kurt', 'skew']",811.5785,0.343,0.5897,0.6673
"['std', 'min', '50%', '75%', 'max', 'slope', 'kurt', 'skew']",836.2181,0.327,0.5772,0.6731
"['std', '25%', '50%', '75%', 'max', 'slope', 'kurt', 'skew']",846.7513,0.4197,0.816,0.6889
"['min', '25%', '50%', '75%', 'max', 'slope', 'kurt', 'skew']",833.6426,0.4262,0.816,0.6889
"['mean', 'std', 'min', '25%', '50%', '75%', 'max', 'slope', 'kurt']",673.5689,0.3729,0.5428,0.6766
"['mean', 'std', 'min', '25%', '50%', '75%', 'max', 'slope', 'skew']",744.6192,0.3384,0.545,0.6773
"['mean', 'std', 'min', '25%', '50%', '75%', 'max', 'kurt', 'skew']",779.5729,0.3402,0.5428,0.6918
"['mean', 'std', 'min', '25%', '50%', '75%', 'slope', 'kurt', 'skew']",686.1009,0.5044,0.8166,0.6837
"['mean', 'std', 'min', '25%', '50%', 'max', 'slope', 'kurt', 'skew']",773.1797,0.4801,0.816,0.6889
"['mean', 'std', 'min', '25%', '75%', 'max', 'slope', 'kurt', 'skew']",843.2064,0.3288,0.545,0.6773
"['mean', 'std', 'min', '50%', '75%', 'max', 'slope', 'kurt', 'skew']",866.3826,0.3117,0.5408,0.676
"['mean', 'std', '25%', '50%', '75%', 'max', 'slope', 'kurt', 'skew']",876.9754,0.3051,0.5095,0.6308
"['mean', 'min', '25%', '50%', '75%', 'max', 'slope', 'kurt', 'skew']",862.2955,0.3114,0.5299,0.6516
"['std', 'min', '25%', '50%', '75%', 'max', 'slope', 'kurt', 'skew']",873.489,0.3087,0.5408,0.676
"['mean', 'std', 'min', '25%', '50%', '75%', 'max', 'slope', 'kurt', 'skew']",898.8583,0.3196,0.5428,0.6766
